id,displayName,appId,homepage,createdDateTime,state,certificateExpiryStatus,activeCertificateExpiryDate,appStatus,appVisibility,appProxy,identifierUri
00a67483-ea0d-4bfa-a19b-17ae35e97fe3,ADP,3f18b202-a866-4c1f-b9c0-6598390a2092,https://fed.adp.com/affwebservices/public/saml2assertionconsumer?metadata=etime.adp|ISV9.2|primary|z,05/04/2022,Activated,,,Enabled,Visible,No,3f18b202-a866-4c1f-b9c0-6598390a2092
00b4db41-9f4b-4f95-96df-8a8436aee693,Terraform Enterprise,fd681d32-9e97-4876-a58f-05269cf838e4,https://TFE_HOSTNAME.com/users/saml/auth?metadata=terraformenterprise|ISV9.2|primary|z,05/04/2022,Activated,,,Enabled,Visible,No,fd681d32-9e97-4876-a58f-05269cf838e4
00f21adf-4610-4184-b930-c5c5b0bd5f8a,jocall3-13-325f9500-3bd3-48fe-b130-806f56e2e7cc,2e8265ff-5066-4e5d-ae61-dbcc32816115,https://jocall3-13-325f9500-3bd3-48fe-b130-806f56e2e7cc,04/10/2022,Activated,,,Enabled,Visible,No,2e8265ff-5066-4e5d-ae61-dbcc32816115
012b9292-17c5-4ed1-a899-e831b1088a22,Microsoft Substrate Management,98db8bd6-0cc0-4e67-9de5-f187f1cd1b41,,04/13/2022,Activated,,,Enabled,Visible,No,98db8bd6-0cc0-4e67-9de5-f187f1cd1b41
0174c5a1-66f3-4929-913b-dfb7afe762ab,Azure Data Factory,0947a342-ab4a-43be-93b3-b8243fc161e5,,04/15/2022,Activated,,,Enabled,Visible,No,"0947a342-ab4a-43be-93b3-b8243fc161e5, https://adffirstpartyapp.clouddatahub.net, https://adffirstpartyapp.datamovement.azure.com"
0208605f-08b1-492b-a0fd-ac6294e14b1f,Azure Machine Learning Singularity,607ece82-f922-494f-88b8-30effaf12214,,03/28/2022,Activated,,,Enabled,Visible,No,607ece82-f922-494f-88b8-30effaf12214
0249afa8-c384-4bbd-ba62-51be0d7cce63,HealthBot-RP,6db4d6bb-6649-4dc2-84b7-0b5c6894031e,,04/15/2022,Activated,,,Enabled,Visible,No,"6db4d6bb-6649-4dc2-84b7-0b5c6894031e, https://admin.healthbot-dev.microsoft.com/, https://admin.healthbot-test.microsoft.com/, https://admin.healthbot.microsoft.com/"
028daf06-3ca2-4f3f-8b6e-442b8d945daf,Microsoft.MileIQ.RESTService,b692184e-b47f-4706-b352-84b288d2d9ee,,04/13/2022,Deactivated,,,Disabled,Visible,No,b692184e-b47f-4706-b352-84b288d2d9ee
029bfbeb-281e-43ea-8755-73fa84943a44,Microsoft Mobile Application Management Backend,354b5b6d-abd6-4736-9f51-1be80049b91f,,04/13/2022,Deactivated,,,Disabled,Visible,No,354b5b6d-abd6-4736-9f51-1be80049b91f
038cb5e8-15d7-4f48-9004-e6d59f9c5dd7,AzureDatabricks,2ff814a6-3304-4ab8-85cb-cd0e6f879c1d,,04/07/2022,Activated,,,Enabled,Visible,No,"2ff814a6-3304-4ab8-85cb-cd0e6f879c1d, https://azuredatabricks.net/"
039d6906-ed43-42ca-bbf4-ee91e85b4bf8,Azure Machine Learning Services,18a66f5f-dbdf-4c17-9dd7-1634712a9cbe,,03/28/2022,Activated,,,Enabled,Visible,No,"18a66f5f-dbdf-4c17-9dd7-1634712a9cbe, https://ml.azure.com, https://ml.azure.us"
03d41fe2-06b6-43d4-b181-af146f8e3e7f,Azure Notification Service,b503eb83-1222-4dcc-b116-b98ed5216e05,,03/28/2022,Activated,,,Enabled,Visible,No,b503eb83-1222-4dcc-b116-b98ed5216e05
043d80c6-801d-40db-bc46-b570b9787d6e,Application Insights API,f5c26e74-f226-4ae8-85f0-b4af0080ac9e,,03/28/2022,Activated,,,Enabled,Visible,No,"f5c26e74-f226-4ae8-85f0-b4af0080ac9e, https://api.aimon.applicationinsights.io, https://api.applicationinsights.io, https://api.applicationinsights.io/, https://api.aimon.applicationinsights.io/, https://api1.aimon.applicationinsights.io, https://api2.aimon.applicationinsights.io, https://api3.aimon.applicationinsights.io, https://api4.aimon.applicationinsights.io, https://api5.aimon.applicationinsights.io, https://api1.applicationinsights.io, https://api2.applicationinsights.io, https://api3.applicationinsights.io, https://api4.applicationinsights.io, https://api5.applicationinsights.io"
043e99f7-0f2e-4387-9b76-c970aa9791ac,CPIM Service,bb2a2e3a-c5e7-4f0a-88e0-8e01fd3fc1f4,,04/16/2022,Activated,,,Enabled,Visible,No,"https://*.cpim.windows.net/, bb2a2e3a-c5e7-4f0a-88e0-8e01fd3fc1f4"
05211dc7-8c79-4c6b-bce0-579fc42f535f,Azure Spring Cloud Domain-Management Dogfood,584a29b4-7876-4445-921e-71e427d4f4b3,,04/12/2022,Activated,,,Enabled,Visible,No,584a29b4-7876-4445-921e-71e427d4f4b3
0557f2e6-8457-4a58-becc-fe5993a105ac,Adobe Connect,d3e1650d-38f0-4a3c-8c2d-a064cc8d9893,https://account.activedirectory.windowsazure.com:444/applications/default.aspx?metadata=adobeconnect|ISV9.3|primary|z,05/04/2022,Activated,,,Enabled,Visible,No,d3e1650d-38f0-4a3c-8c2d-a064cc8d9893
05966bf2-394d-49d1-8950-aa3521c54051,Microsoft.Azure.CertificateRegistration,f3c21649-0979-4721-ac85-b0216b2cf413,,04/07/2022,Activated,,,Enabled,Visible,No,f3c21649-0979-4721-ac85-b0216b2cf413
07f2f721-e1f6-4d65-ae15-f6e448afea60,Outlook Online Add-in App,bc59ab01-8403-45c6-8796-ac3ef710b3e3,,04/13/2022,Deactivated,,,Disabled,Visible,No,bc59ab01-8403-45c6-8796-ac3ef710b3e3
09a9d819-2ca2-41c5-acaf-97889769ee89,Compute Usage Provider,a303894e-f1d8-4a37-bf10-67aa654a0596,,03/28/2022,Activated,,,Enabled,Visible,No,a303894e-f1d8-4a37-bf10-67aa654a0596
0a6d1c11-8d3d-4afd-a793-c4e8a7296c4a,Azure Managed Grafana SSO,6f2d169c-08f3-4a4c-a982-bcaf2d038c45,,04/15/2022,Activated,,,Enabled,Visible,No,6f2d169c-08f3-4a4c-a982-bcaf2d038c45
0a99424f-024a-40bd-b9be-6ae12ab502e3,PlayFab,448adbda-b8d8-4f33-a1b0-ac58cf44d4c1,,04/15/2022,Activated,,,Enabled,Visible,No,"448adbda-b8d8-4f33-a1b0-ac58cf44d4c1, https://insights.playfab.com"
0ab21449-f496-4f9c-b9c7-6294a97ef1df,Managed Disks Resource Provider,60e6cd67-9c8c-4951-9b3c-23c25a2169af,,03/28/2022,Activated,,,Enabled,Visible,No,60e6cd67-9c8c-4951-9b3c-23c25a2169af
0afd5e86-eff5-4769-9dbf-b75866d280e7,AzureDataShare,799f1985-1517-4fe1-af2b-ba3d87d4996b,,04/07/2022,Activated,,,Enabled,Visible,No,799f1985-1517-4fe1-af2b-ba3d87d4996b
0b052270-067f-4a8b-a73e-01afa1594928,Liftr Confluent RPaaS,1448fd13-7e74-41f4-b6e3-17e485d8ac2e,,04/15/2022,Activated,,,Enabled,Visible,No,"1448fd13-7e74-41f4-b6e3-17e485d8ac2e, https://app-rel.eus2.cf-canary.azliftr.io/, https://app-rel.wus2.cf-prod.azliftr.io/"
0b2dfd56-ba4b-4b4c-9df4-9e97cddb8d0e,Windows Store for Business,45a330b1-b1ec-4cc1-9161-9f03992aa49f,,03/12/2023,Activated,,,Enabled,Visible,No,"https://onestore-df.microsoft.com, https://onestore.corp.microsoft.com, https://onestore.dev.microsoft.com, https://onestore.microsoft.com, 45a330b1-b1ec-4cc1-9161-9f03992aa49f"
0b5f7e78-2717-4f65-8f81-59f93971fc94,Azure Regional Service Manager,5e5e43d4-54da-4211-86a4-c6e7f3715801,,03/28/2022,Activated,,,Enabled,Visible,No,5e5e43d4-54da-4211-86a4-c6e7f3715801
0b95e78b-c884-4a7a-9e37-ba496672fe0b,Access IoT Hub Device Provisioning Service,0cd79364-7a90-4354-9984-6e36c841418d,,04/07/2022,Activated,,,Enabled,Visible,No,"0cd79364-7a90-4354-9984-6e36c841418d, https://azure-devices-provisioning.net"
0bf5fb00-4b35-481e-8c37-5d157d49fd6c,Azure Multi-Factor Auth Connector,1f5530b3-261a-47a9-b357-ded261e17918,,04/13/2022,Activated,,,Enabled,Visible,No,"1f5530b3-261a-47a9-b357-ded261e17918, https://adnotifications.windowsazure.com/StrongAuthenticationService.svc/Connector"
0c4f13f3-706d-4006-9218-6ad726249dbf,MicrosoftHybridDataAADapp,621269cf-1195-44a3-a835-c613d103dd15,,04/15/2022,Activated,,,Enabled,Visible,No,621269cf-1195-44a3-a835-c613d103dd15
0cab0d7c-b8cc-45d4-9bff-87f3901cc131,Office 365 Exchange Online,00000002-0000-0ff1-ce00-000000000000,,04/13/2022,Deactivated,,,Disabled,Visible,No,"00000002-0000-0ff1-ce00-000000000000/outlook.office365.com, 00000002-0000-0ff1-ce00-000000000000/mail.office365.com, 00000002-0000-0ff1-ce00-000000000000/outlook.com, 00000002-0000-0ff1-ce00-000000000000/*.outlook.com, 00000002-0000-0ff1-ce00-000000000000, https://ps.compliance.protection.outlook.com, https://outlook-sdf.office.com/, https://outlook-sdf.office365.com/, https://outlook.office365.com:443/, https://outlook.office.com/, https://outlook.office365.com/, https://outlook.com/, https://ps.protection.outlook.com/, https://outlook-tdf.office.com/, https://outlook-tdf-2.office.com/, https://ps.outlook.com"
0cd21db1-ab57-4b70-a942-8be945120567,Dynamics 365 Business Central,996def3d-b36c-4153-8607-a6fd3c01b89f,,04/13/2022,Deactivated,,,Disabled,Visible,No,"https://infoma.api.bc.dynamics.com, https://serenicnavigator.api.bc.dynamics.com, https://lscentral.api.bc.dynamics.com, https://incadea-fastfit.api.bc.dynamics.com, https://project365.api.bc.dynamics.com, https://4psconstruct.api.bc.dynamics.com, https://sparkrock365.api.bc.dynamics.com, https://deonline.api.bc.dynamics.com, https://wiise.api.bc.dynamics.com, https://frentals.api.bc.dynamics.com, https://amp.api.bc.dynamics.com, https://to-increase-food.api.bc.dynamics.com, https://3pl-dynamics.api.bc.dynamics.com, https://prodware-scm.api.bc.dynamics.com, https://gevis-erp.api.bc.dynamics.com, 996def3d-b36c-4153-8607-a6fd3c01b89f, https://financials.dynamics.com, https://projectmadeira.com, https://api.financials.dynamics.com, https://api.businesscentral.dynamics.com, https://apps.businesscentral.dynamics.com"
0cde9d2b-cba6-481a-bd8d-e288774d7cbd,Office 365 SharePoint Online,00000003-0000-0ff1-ce00-000000000000,,04/13/2022,Deactivated,,,Disabled,Visible,No,"00000003-0000-0ff1-ce00-000000000000/*.sharepoint.com, 00000003-0000-0ff1-ce00-000000000000, https://microsoft.sharepoint-df.com"
0d0e5cff-bb6a-48a6-a30a-d03f4eeacd7c,Cortana at Work Bing Services,22d7579f-06c2-4baa-89d2-e844486adb9d,,04/13/2022,Deactivated,,,Enabled,Visible,No,"22d7579f-06c2-4baa-89d2-e844486adb9d, https://cortana.ai/internal/bing"
0d2b9521-cd89-4c17-aae8-7bbf43ad94d0,aciapi,c5b17a4f-cc6f-4649-9480-684280a2af3a,,04/12/2022,Activated,,,Enabled,Visible,No,c5b17a4f-cc6f-4649-9480-684280a2af3a
0d5d08b9-2c48-4cb4-be79-88fb8df8a256,Azure Purview,73c2949e-da2d-457a-9607-fcc665198967,,04/15/2022,Activated,,,Enabled,Visible,No,"73c2949e-da2d-457a-9607-fcc665198967, https://projectbabylon.azure.net, https://projectbabylon.azure.net/, https://purview.azure.net, https://purview.azure.net/"
0e474b1c-b64a-4254-86d4-50b8d0f6d45b,Office Online Service LEGACY,67e3df25-268a-4324-a550-0de1c7f97287,,04/13/2022,Deactivated,,,Disabled,Visible,No,67e3df25-268a-4324-a550-0de1c7f97287
0eb977e2-5804-44d6-85a3-96d14a191fff,MCAPI Authorization Prod,d73f4b35-55c9-48c7-8b10-651f6f2acb2e,,03/04/2022,Activated,,,Enabled,Visible,No,"d73f4b35-55c9-48c7-8b10-651f6f2acb2e, https://authorization.cp.microsoft.com, https://authorization.cp.microsoft.com/, https://authorizationjournal.cp.microsoft.com, https://authorizationjournal.cp.microsoft.com/"
0ecec5f6-db13-4b20-b9bf-88f6dc2be5c3,Service Bus MSI App,eb070ea5-bd17-41f1-ad68-5851f6e71774,,04/15/2022,Activated,,,Enabled,Visible,No,eb070ea5-bd17-41f1-ad68-5851f6e71774
0f246e67-5ac7-4bbb-b47c-63476cdc3d30,Azure Analysis Services,4ac7d521-0382-477b-b0f8-7e1d95f85ca2,,04/15/2022,Activated,,,Enabled,Visible,No,4ac7d521-0382-477b-b0f8-7e1d95f85ca2
0f3f5d84-d6eb-47b6-bc79-3be3e97f551a,HIS AAD Private Clouds App,9ddb5749-5660-445d-b859-394225a7d97d,,04/15/2022,Activated,,,Enabled,Visible,No,9ddb5749-5660-445d-b859-394225a7d97d
0f6a756c-73c8-4865-b24d-945a8e54622a,Verifiable Credentials Service Admin,6a8b4b39-c021-437c-b060-5a14a3fd65f3,,03/17/2023,Activated,,,Enabled,Visible,No,6a8b4b39-c021-437c-b060-5a14a3fd65f3
0f8e73e9-35eb-4c57-a681-95f96da5b49a,Fluid Relay Service,3e8f1ed5-3a6e-47d1-ad1e-b14e6b69704b,,04/15/2022,Activated,,,Enabled,Visible,No,"3e8f1ed5-3a6e-47d1-ad1e-b14e6b69704b, https://echo.eus-1.canary.frs.azure.com, https://echo.neu-1.canary.frs.azure.com, https://echo.dev2.dev.frs.azure.com/api/rp"
0f9928e5-1742-4dab-a8f4-a7f9138e40d5,Storage Resource Provider,a6aa9161-5291-40bb-8c5c-923b567bee3b,,03/28/2022,Activated,,,Enabled,Visible,No,a6aa9161-5291-40bb-8c5c-923b567bee3b
0fa9a81f-944b-4617-861c-bc2a6c2bcbd1,Graph Connector Service,56c1da01-2129-48f7-9355-af6d59d42766,,04/13/2022,Activated,,,Enabled,Visible,No,"56c1da01-2129-48f7-9355-af6d59d42766, https://gcs.office.com, https://substrate.office.com/GraphConnectors, https://substrate.office.com/scd"
0ff42dce-7b8b-4e48-8034-5ffd7f1b619f,MSATenantRestrictions,1a4b5304-a0fd-4017-8a3d-466fc083b73e,,06/11/2023,Activated,,,Enabled,Visible,No,1a4b5304-a0fd-4017-8a3d-466fc083b73e
1000f08e-e822-4753-bb33-a994677fcd06,Microsoft.OfficeModernCalendar,ab27a73e-a3ba-4e43-8360-8bcc717114d8,,04/13/2022,Deactivated,,,Disabled,Visible,No,"https://eus2-hxcalendar.officeapps.live.com, https://wus-hxcalendar.officeapps.live.com, ab27a73e-a3ba-4e43-8360-8bcc717114d8"
1042613d-4f98-49e8-88bb-79aa4089365e,ACR-Tasks-Network,62c559cd-db0c-4da0-bab2-972528c65d42,,03/28/2022,Activated,,,Enabled,Visible,No,62c559cd-db0c-4da0-bab2-972528c65d42
119c2499-a11e-4d59-8a9d-76b8966a88bb,Azure Virtual Desktop ARM Provider,50e95039-b200-4007-bc97-8d5790743a63,,04/07/2022,Activated,,,Enabled,Visible,No,50e95039-b200-4007-bc97-8d5790743a63
119cbfb8-3550-4afb-8c65-a28529769674,Azure Monitor for SAP Solutions,39495caf-cc21-4d03-b6b0-8c4a973cf213,,04/15/2022,Activated,,,Enabled,Visible,No,"39495caf-cc21-4d03-b6b0-8c4a973cf213, https://pod01-monitor.ecy.waaservice.azure.com"
119dde92-597e-426d-ad19-b38a86529a01,AFOI-NC-RP-PME-PROD,05cf5e27-931d-47ad-826d-cb9028d8bd7a,,04/15/2022,Activated,,,Enabled,Visible,No,05cf5e27-931d-47ad-826d-cb9028d8bd7a
12b545be-d2e9-4bc4-b0e4-1968c484abae,Microsoft.IntelligentITDigitalTwin,dfbed8b2-492a-414e-b2f0-482534e87bc5,,04/15/2022,Activated,,,Enabled,Visible,No,"dfbed8b2-492a-414e-b2f0-482534e87bc5, https://cidt-rp.azure-api.net"
130ede23-676b-45d9-b736-27cd080bf4be,Azure AD Identity Governance - Entitlement Management,810dcf14-1858-4bf2-8134-4c369fa3235b,,04/13/2022,Activated,,,Enabled,Visible,No,"810dcf14-1858-4bf2-8134-4c369fa3235b, https://elm.iga.azure.com/, https://fcs.iga.azure.com/, https://pds.iga.azure.com/, https://elm.iga.azure.us/, https://fcs.iga.azure.us/, https://pds.iga.azure.us/, https://elm.iga.azure.com, https://elm.iga.azure.us"
13514513-58d0-4871-b35f-b8fd83508e0c,NFV Resource Provider,328fd23b-de6e-462c-9433-e207470a5727,,04/06/2022,Activated,,,Enabled,Visible,No,328fd23b-de6e-462c-9433-e207470a5727
1360ee7c-fb69-4381-8579-adc83ab89360,Bot Framework Dev Portal,f3723d34-6ff5-4ceb-a148-d99dcd2511fc,,04/15/2022,Activated,,,Enabled,Visible,No,"f3723d34-6ff5-4ceb-a148-d99dcd2511fc, https://local.botframework.com/, https://ppe.botframework.com/, https://scratch.botframework.com/, https://dev.botframework.com/"
14308268-af8f-466e-a692-97b53fe29981,IAMTenantCrawler,66244124-575c-4284-92bc-fdd00e669cea,,04/13/2022,Activated,,,Enabled,Visible,No,66244124-575c-4284-92bc-fdd00e669cea
1477288c-22ec-4ddf-9327-ed004a6b8d4f,VideoIndexer-BE-ARM,d9794ed7-bfec-42d8-ba8d-4d7df2a1f6dc,,04/15/2022,Activated,,,Enabled,Visible,No,"d9794ed7-bfec-42d8-ba8d-4d7df2a1f6dc, https://dev1-trial-be-sf.videoindexer.ai"
15262a46-e017-4019-a536-638a7ae1e86f,Microsoft Rights Management Services,00000012-0000-0000-c000-000000000000,,04/13/2022,Deactivated,,,Disabled,Visible,No,"00000012-0000-0000-c000-000000000000/portal.aadrm.com, 00000012-0000-0000-c000-000000000000, https://aadrm.com/, https://api.aadrm.com/, https://aadrm.us/, https://api.aadrm.us/, https://aadrm.com, https://aadrm.us"
153a25be-5772-4561-b6a9-acdf39a8e2db,Azure Backup NRP Application,9bdab391-7bbe-42e8-8132-e4491dc29cc0,,04/10/2022,Activated,,,Enabled,Visible,No,9bdab391-7bbe-42e8-8132-e4491dc29cc0
15517c29-83b5-4e03-ae00-8f523f01e292,Office 365 Configure,aa9ecb1e-fd53-4aaa-a8fe-7a54de2c1334,,03/04/2022,Activated,,,Enabled,Visible,No,"aa9ecb1e-fd53-4aaa-a8fe-7a54de2c1334/configure.office.net, aa9ecb1e-fd53-4aaa-a8fe-7a54de2c1334"
156b02da-0a13-449e-a44e-1757cb167015,Azure Monitor Control Service,e933bd07-d2ee-4f1d-933c-3752b819567b,,03/28/2022,Activated,,,Enabled,Visible,No,"e933bd07-d2ee-4f1d-933c-3752b819567b, https://monitor.azure.com/"
1625ae7c-2b6f-49e2-92c4-c7aa10788501,Azure HPC Workbench,5bd9995f-b6f8-4c7a-a024-e8c5eab9c85d,,04/15/2022,Activated,,,Enabled,Visible,No,5bd9995f-b6f8-4c7a-a024-e8c5eab9c85d
172fb8fe-7fa5-4ef2-80d5-78b758fe0ce9,Test Base for M365 - Resource Provider,f3625a3e-6360-4580-968d-fae4cabc75a0,,04/12/2022,Deactivated,,,Enabled,Visible,No,f3625a3e-6360-4580-968d-fae4cabc75a0
1795e77a-f5c8-4f83-90b0-247f8239467a,Microsoft.ServiceBus,80a10ef9-8168-493d-abf9-3297c4ef6e3c,,04/15/2022,Activated,,,Enabled,Visible,No,"80a10ef9-8168-493d-abf9-3297c4ef6e3c, https://servicebus.azure.net"
17c537b0-f0b8-4888-9e9a-346e78542549,Azure Traffic Manager and DNS,2cf9eb86-36b5-49dc-86ae-9a63135dfa8c,,04/06/2022,Activated,,,Enabled,Visible,No,2cf9eb86-36b5-49dc-86ae-9a63135dfa8c
186792d2-41c3-4a08-8fc0-9318aa54508e,Custom Locations RP,bc313c14-388c-4e7d-a58e-70017303ee3b,,04/12/2022,Activated,,,Enabled,Visible,No,bc313c14-388c-4e7d-a58e-70017303ee3b
18fdd139-6e86-44b3-a08a-30acbf7316f4,LexisNexis Law Schools,e5d38734-8683-4c09-9e0d-73a883c2d83d,https://127.0.0.1:444/applications/default.aspx?metadata=lexisnexislawschools|ISV9.3|primary|z,05/04/2022,Activated,,,Enabled,Visible,No,e5d38734-8683-4c09-9e0d-73a883c2d83d
192ec6ba-aa43-4100-a610-ac5e4654778e,BackupSolutions-RPAAS,e90af282-4971-41d9-ab82-1b294e911ae5,,05/22/2022,Activated,,,Enabled,Visible,No,e90af282-4971-41d9-ab82-1b294e911ae5
1943495f-346f-4b82-a67a-0e24db869828,MarketplaceAPI ISV,20e940b3-4c77-4b0b-9a53-9e16a1b010a7,,04/12/2022,Activated,,,Enabled,Visible,No,20e940b3-4c77-4b0b-9a53-9e16a1b010a7
19562460-4a11-484d-8b82-619c7ef29112,Diagnostic Services Trusted Storage Access,562db366-1b96-45d2-aa4a-f2148cef2240,,03/28/2022,Activated,,,Enabled,Visible,No,562db366-1b96-45d2-aa4a-f2148cef2240
195ff216-c783-4ebb-99a7-7fd7520cdc45,Microsoft Azure Container Apps - Control Plane,7e3bc4fd-85a3-4192-b177-5b8bfc87f42c,,04/06/2022,Activated,,,Enabled,Visible,No,7e3bc4fd-85a3-4192-b177-5b8bfc87f42c
19acdbb9-f64f-4a7c-9c88-4aaae2d82ee5,DoNotDelete-DataBoxEdgeNGatewayManagedApp,2368d027-f996-4edb-bf48-928f98f2ab8c,,04/15/2022,Activated,,,Enabled,Visible,No,2368d027-f996-4edb-bf48-928f98f2ab8c
19ffe6f1-6d63-4ae5-a1da-c535e39d3544,Intune CMDeviceService,14452459-6fa6-4ec0-bc50-1528a1a06bf0,,04/13/2022,Activated,,,Enabled,Visible,No,14452459-6fa6-4ec0-bc50-1528a1a06bf0
1af7a79a-0d3a-450f-89e9-5bde0db7aa6e,Attestation Service,c61423b7-1d1f-430d-b444-0eee53298103,,04/15/2022,Activated,,,Enabled,Visible,No,"c61423b7-1d1f-430d-b444-0eee53298103, https://attest.azure.net"
1b526e38-3849-48ca-bb79-8ca2c4b41ec6,Azure Cost Management XCloud,3184af01-7a88-49e0-8b55-8ecdce0aa950,,04/13/2022,Activated,,,Enabled,Visible,No,3184af01-7a88-49e0-8b55-8ecdce0aa950
1bccd68e-a562-46eb-bfb9-8ddae9f004c7,SSO Extension Intune,163b648b-025e-455b-9937-a7f39a65d171,,04/13/2022,Activated,,,Enabled,Visible,No,163b648b-025e-455b-9937-a7f39a65d171
1c9a3113-5bbb-46fd-b649-ae429cc84e9f,Signup,b4bddae8-ab25-483e-8670-df09b9f1d0ea,,03/04/2022,Activated,,,Enabled,Visible,No,"b4bddae8-ab25-483e-8670-df09b9f1d0ea, https://signup.microsoft.com/, https://signup.microsoft.com, https://ncu.prv.signup.microsoft.com, https://ejp.signup.microsoft.com, https://wus.signup.microsoft.com, https://eus.signup.microsoft.com, https://scu.signup.microsoft.com, https://sea.signup.microsoft.com, https://weu.signup.microsoft.com, https://neu.signup.microsoft.com, https://ncu.signup.microsoft.com, https://ncu.signup.microsoft.com/, https://neu.signup.microsoft.com/, https://weu.signup.microsoft.com/, https://sea.signup.microsoft.com/, https://scu.signup.microsoft.com/, https://eus.signup.microsoft.com/, https://wus.signup.microsoft.com/, https://ejp.signup.microsoft.com/, https://ncu.prv.signup.microsoft.com/, https://scu.prv.signup.microsoft.com, https://scu.prv.signup.microsoft.com/, https://prv.signup.microsoft.com, https://prv.signup.microsoft.com/, https://svc.prv.signup.microsoft.com/, https://svc.prv.signup.microsoft.com, https://svc.signup.microsoft.com/, https://svc.signup.microsoft.com"
1ca99c82-51f8-4e9e-b0cf-51f6a09392a1,Azure Data Lake,e9f49c6b-5ce5-44c8-925d-015017e9f7ad,,04/15/2022,Activated,,,Enabled,Visible,No,"e9f49c6b-5ce5-44c8-925d-015017e9f7ad, https://datalake.azure.net/, https://KonaCompute.net"
1cae7670-eef7-4b9d-bef8-6771c6842d6b,Azure API Management,8602e328-9b72-4f2d-a4ae-1387d013a2b3,,04/12/2022,Activated,,,Enabled,Visible,No,8602e328-9b72-4f2d-a4ae-1387d013a2b3
1d71164d-0926-44f1-abc3-e569c40c501c,Microsoft Intune API,c161e42e-d4df-4a3d-9b42-e7a3c31f59d4,,04/13/2022,Deactivated,,,Disabled,Visible,No,"c161e42e-d4df-4a3d-9b42-e7a3c31f59d4, https://api.manage-selfhost.microsoft.com/, https://api.manage.microsoft.com/, https://api.manage-beta.microsoft.com/, https://api.manage-mig.microsoft.com/"
1dd82a93-eba7-48f9-b0d1-ab094d01bf98,Microsoft Azure Stream Analytics,66f1e791-7bfb-4e18-aed8-1720056421c7,,09/20/2022,Activated,,,Enabled,Visible,No,"https://streamanalytics.microsoft.com, 66f1e791-7bfb-4e18-aed8-1720056421c7"
1e32a82b-af27-4fdc-ba35-c9afdd91cc8a,Microsoft events,e462442e-6682-465b-a31f-652a88bfbe51,https://microsoft.b2clogin.com/te/microsoft.onmicrosoft.com/oauth2/authresp,03/17/2023,Activated,,,Enabled,Visible,No,"e462442e-6682-465b-a31f-652a88bfbe51, https://microsoft.onmicrosoft.com/aef17311-1f14-4e06-939b-42c0bcff5520"
1e5de125-9a51-420f-b11f-ae2b2372d772,Microsoft Azure App Service,abfa0a7c-a6b6-4736-8310-5855508787cd,,04/06/2022,Activated,,,Enabled,Visible,No,"abfa0a7c-a6b6-4736-8310-5855508787cd, https://appservice.azure.com"
1e6225b5-895e-4acf-8cac-ca9cc8bc5620,Capacity ,fbc197b7-9e9c-4f98-823f-93cb1cb554e6,,04/13/2022,Activated,,,Enabled,Visible,No,fbc197b7-9e9c-4f98-823f-93cb1cb554e6
1ed6f684-c34c-4ea0-be4f-4ce36894a75b,O365 Secure Score,8b3391f4-af01-4ee8-b4ea-9871b2499735,,04/13/2022,Deactivated,,,Disabled,Visible,No,"8b3391f4-af01-4ee8-b4ea-9871b2499735, https://securescore.office.com/, https://wdatpprd.securitycenter.windows.com/, https://wdatpprd-can.securitycenter.windows.com/"
1fbb5b00-9c09-46a8-a2de-4d53949c910b,Azure Iot Hub,89d10474-74af-4874-99a7-c23c2f643083,,04/07/2022,Activated,,,Enabled,Visible,No,"89d10474-74af-4874-99a7-c23c2f643083, https://iothubs.azure.net, https://iothubs.microsoft.scloud, https://iothubs.eaglex.ic.gov"
1fbdf34d-ee3e-4005-991f-e6ec2297ce2c,Network Watcher,7c33bfcb-8d33-48d6-8e60-dc6404003489,,04/06/2022,Activated,,,Enabled,Visible,No,7c33bfcb-8d33-48d6-8e60-dc6404003489
1fca18d3-3900-467e-a775-465f7c4fa2f1,Office 365 Information Protection,2f3f02c9-5679-4a5c-a605-0de55b07d135,,04/13/2022,Activated,,,Enabled,Visible,No,"2f3f02c9-5679-4a5c-a605-0de55b07d135, https://alert.o365infoprotservice.com"
2054d9bc-67b1-448f-898b-bd70978f3809,Oracle Fusion ERP,65b0413c-6b56-4536-a2ea-1929dfe5e81c,https://*.login.em2.oraclecloud.com:443/oam/fed?metadata=oraclefusionerp|ISV9.1|primary|z,05/02/2022,Activated,,,Enabled,Visible,No,65b0413c-6b56-4536-a2ea-1929dfe5e81c
217d77eb-d9e3-493c-b50e-3de6b77c1d66,myAKSCluster-agentpool,6d49f6be-5347-432d-b9b4-64ac938c1bd2,,04/18/2022,Activated,Managed By Microsoft,,Enabled,Visible,No,"6d49f6be-5347-432d-b9b4-64ac938c1bd2, https://identity.azure.net/1TZ271M64Lz7jJw9g9+k+n8WUAr24t0hLCouJ98GFl0="
2195918b-b9ec-47d4-ae1a-2f141637c1d0,MaintenanceResourceProvider,f18474f2-a66a-4bb0-a3c9-9b8d892092fa,,04/06/2022,Activated,,,Enabled,Visible,No,f18474f2-a66a-4bb0-a3c9-9b8d892092fa
21b25ad1-4caf-4dd8-b9c1-1ec356bc071e,Azure Management Groups,f2c304cf-8e7e-4c3f-8164-16299ad9d272,,04/15/2022,Activated,,,Enabled,Visible,No,f2c304cf-8e7e-4c3f-8164-16299ad9d272
22285433-3a03-414a-bdda-51dbb3c343fc,Azure Credential Configuration Endpoint Service,ea890292-c8c8-4433-b5ea-b09d0668e1a6,,03/12/2023,Activated,,,Enabled,Visible,No,"https://cce.azure.us/, https://mface.windowsazure.com/, ea890292-c8c8-4433-b5ea-b09d0668e1a6"
2235a64a-3b37-4157-997b-609a84b1767e,ECP Billing Service,359431ad-ece5-496b-8768-be4bbfd82f36,,04/12/2022,Activated,,,Enabled,Visible,No,359431ad-ece5-496b-8768-be4bbfd82f36
22440caf-d99f-497e-8001-9e041cd34ef7,Microsoft Device Management Enrollment,709110f7-976e-4284-8851-b537e9bcb187,,04/13/2022,Activated,,,Enabled,Visible,No,"709110f7-976e-4284-8851-b537e9bcb187, https://enrollment.dm-selfhost.microsoft.com, https://enrollment.dm-beta.microsoft.com, https://enrollment.dm.microsoft.com, https://enrollment.dm-mig.microsoft.com"
225c3ed6-2a24-4676-a5a4-53b2e05dbd56,Azure SQL Database Backup To Azure Backup Vault,e4ab13ed-33cb-41b4-9140-6e264582cf85,,04/06/2022,Activated,,,Enabled,Visible,No,e4ab13ed-33cb-41b4-9140-6e264582cf85
230a234f-b99b-4e68-b4e2-a4cd26fec99f,Microsoft Graph Change Tracking,0bf30f3b-4a52-48df-9a82-234910c4a086,,03/04/2022,Activated,,,Enabled,Visible,No,"https://publisher-jp.windows.net, 0bf30f3b-4a52-48df-9a82-234910c4a086, https://subscriptionstore-prod.cloudapp.net, https://subscriptionstore.windows.net, https://publisher.windows.net, https://pub-prod-neu.notifications.trafficmanager.net, https://publisher-eu.windows.net, https://publisher-cny.msidentity.net, https://publisher-cny.msidentity.com, https://subscriptionstore-cny.msidentity.com, https://subscriptionstore.usgovcloudapi.net, https://publisher.usgovcloudapi.net, https://publisher-as.windows.net"
23296fdc-9163-4e44-a3b7-6724f5773cd7,AzureDataCollaboration,2cc451ba-a8ec-496f-bdff-591f5ae2876c,,04/15/2022,Deactivated,,,Enabled,Visible,No,2cc451ba-a8ec-496f-bdff-591f5ae2876c
2381765d-aca4-4542-b479-d214b2a7d56f,Liftr-LZ-FPA-WW1-AME,0ecb6dbc-7807-4951-9a69-b5d3dfa5a0b5,,04/15/2022,Deactivated,,,Enabled,Visible,No,0ecb6dbc-7807-4951-9a69-b5d3dfa5a0b5
24106f44-d9f0-4607-be05-800e30ffcd00,Azure Bastion,79d7fb34-4bef-4417-8184-ff713af7a679,,04/06/2022,Activated,,,Enabled,Visible,No,79d7fb34-4bef-4417-8184-ff713af7a679
2451f331-3e6f-4f11-9cae-dc1a643d0cd9,Azure Data Factory,5d13f7d7-0567-429c-9880-320e9555e5fc,,04/15/2022,Activated,,,Enabled,Visible,No,5d13f7d7-0567-429c-9880-320e9555e5fc
246df0ff-d7e4-4df0-a9bd-4067df77888a,Azure Digital Twins,0b07f429-9f4b-4714-9392-cc5e8e80c8b0,,04/13/2022,Activated,,,Enabled,Visible,No,"0b07f429-9f4b-4714-9392-cc5e8e80c8b0, https://digitaltwins.azure.net"
258ddc05-19c7-4e18-96d1-9bea72675228,Microsoft Visual Studio Codespaces API - Dev,48ef7923-268f-473d-bcf1-07f0997961f4,,04/15/2022,Activated,,,Enabled,Visible,No,48ef7923-268f-473d-bcf1-07f0997961f4
26058c54-feeb-4394-950d-ac29c421c889,Microsoft Intune Web Company Portal,74bcdadc-2fdc-4bb3-8459-76d06952a0e9,,04/13/2022,Deactivated,,,Disabled,Visible,No,74bcdadc-2fdc-4bb3-8459-76d06952a0e9
2612aa48-e9bc-47ff-8b68-cd5a9e8bd2cb,Cortana Runtime Service,81473081-50b9-469a-b9d8-303109583ecb,,04/13/2022,Activated,,,Enabled,Visible,No,"81473081-50b9-469a-b9d8-303109583ecb, https://cortana.ai"
268df2dd-80d8-4c60-877c-4a9a429df01c,Microsoft Graph Connectors Core,f8f7a2aa-e116-4ba6-8aea-ca162cfa310d,,04/13/2022,Activated,,,Enabled,Visible,No,"f8f7a2aa-e116-4ba6-8aea-ca162cfa310d, https://substrate.office.com/cdapi"
27149c02-78d0-4e66-97e2-ee022a3e1fa0,My Apps,2793995e-0a7d-40d7-bd35-6968ba142197,,04/13/2022,Activated,,,Enabled,Visible,No,2793995e-0a7d-40d7-bd35-6968ba142197
27b0cbd8-8a1a-4b6d-85ec-6601787d4365,O365 Demeter,982bda36-4632-4165-a46a-9863b1bbcf7d,,03/04/2022,Activated,,,Enabled,Visible,No,"982bda36-4632-4165-a46a-9863b1bbcf7d, https://commerceapi.office.net"
27c588d9-6443-40e3-a610-df23fce6b653,Microsoft Intune,0000000a-0000-0000-c000-000000000000,,04/13/2022,Deactivated,,,Disabled,Visible,No,"0000000a-0000-0000-c000-000000000000/manage-beta.microsoft.com, 0000000a-0000-0000-c000-000000000000/manage.microsoft.com, 0000000a-0000-0000-c000-000000000000, https://fef.msua01.manage.microsoft.com, https://fef.msua02.manage.microsoft.com, https://fef.msua04.manage.microsoft.com, https://fef.msua05.manage.microsoft.com, https://fef.amsua0502.manage.microsoft.com, https://fef.msua06.manage.microsoft.com, https://fef.amsua0602.manage.microsoft.com, https://fef.msuc01.manage.microsoft.com, https://fef.msuc02.manage.microsoft.com, https://fef.msuc03.manage.microsoft.com, https://fef.msuc05.manage.microsoft.com, https://fef.msub01.manage.microsoft.com, https://FEF.amsub0102.manage.microsoft.com, https://fef.msub02.manage.microsoft.com, https://fef.msub03.manage.microsoft.com, https://fef.msub05.manage.microsoft.com, https://fef.msua07.manage.microsoft.com, https://fef.bmsub01.manage-beta.microsoft.com, https://fef.bmsua01.manage-beta.microsoft.com, https://fef.shmsua01.manage-selfhost.microsoft.com, https://manage-selfhost.microsoft.com, https://manage.microsoft.com/, https://manage-beta.microsoft.com/, https://manage.microsoft.com, https://manage-beta.microsoft.com, https://fef.amsua0402.manage.microsoft.com, https://fef.amsua0202.manage.microsoft.com, https://fef.amsub0202.manage.microsoft.com, https://fef.amsub0302.manage.microsoft.com, https://warehouse.manage-selfhost.microsoft.com, https://warehouse.manage-beta.microsoft.com, https://warehouse.manage.microsoft.com, https://fef.shmsua02.manage-selfhost.microsoft.com, https://fef.msud01.manage.microsoft.com, https://fef.amsua0102.manage.microsoft.com, https://fef.amsua0702.manage.microsoft.com, https://fef.amsub0502.manage.microsoft.com, https://fef.msua08.manage.microsoft.com, https://fef.msub06.manage.microsoft.com, https://fef.msub07.manage.microsoft.com, https://fef.migsu02.manage-mig.microsoft.com, https://fef.migsu01.manage-mig.microsoft.com, https://manage-mig.microsoft.com"
285689e9-335d-4d7b-8ac5-ef604b295397,billgates666,a3f23ff7-be0d-49a0-b535-f5fb0f5f8039,,04/15/2022,Activated,Managed By Microsoft,,Enabled,Visible,No,"a3f23ff7-be0d-49a0-b535-f5fb0f5f8039, https://identity.azure.net/IAL2DS+6/gDHOWOFzQRfir5AljZO9JhnWcjikxZjEMQ="
28c8f26c-2e09-43e6-9a67-ad7585ec09c2,Microsoft Monitoring Account Management,e158b4a5-21ab-442e-ae73-2e19f4e7d763,,04/15/2022,Activated,,,Enabled,Visible,No,"e158b4a5-21ab-442e-ae73-2e19f4e7d763, https://management.monitor.azure.com"
298f5b49-900a-4a67-8cd9-af8c47154952,Application Assessment,f9c691e6-93b3-4d57-944c-afcc737f9abf,,04/15/2022,Deactivated,,,Enabled,Visible,No,f9c691e6-93b3-4d57-944c-afcc737f9abf
29cb2e64-674f-4ab5-af4b-7ab0d96173b2,Spool-Resource-Provider,632ec9eb-fad7-4cbd-993a-e72973ba2acc,,04/15/2022,Activated,,,Enabled,Visible,No,"632ec9eb-fad7-4cbd-993a-e72973ba2acc, https://communications.azure.com/, https://communication.azure.com/"
2a51792f-1fdf-46da-bfc0-38d2189159a8,Liftr-DT-FPA-WW1-AME,95c8b18b-3ed0-4299-88e6-31a12c4b4092,,04/15/2022,Activated,,,Enabled,Visible,No,95c8b18b-3ed0-4299-88e6-31a12c4b4092
2a5547a0-8ebd-42e8-8b9c-498af6010a41,Intune Partner Data Delivery Service,a1c98362-38ca-4615-a0cc-bdda7d5bdf01,,07/16/2022,Activated,,,Enabled,Visible,No,a1c98362-38ca-4615-a0cc-bdda7d5bdf01
2ac3afdb-2aae-47a3-9492-dd416f61aa7d,Azure VMware Solution by CloudSimple,d96199e7-4674-4bbf-a1c6-ddf93682f5ee,,04/15/2022,Activated,,,Enabled,Visible,No,d96199e7-4674-4bbf-a1c6-ddf93682f5ee
2b03ffd7-71b7-44da-8621-9403eb8001ab,M365 Admin Services,6b91db1b-f05b-405a-a0b2-e3f60b28d645,,03/12/2023,Activated,,,Enabled,Visible,No,"https://m365adminservices.microsoft.com, https://recommendations.microsoft.com, 6b91db1b-f05b-405a-a0b2-e3f60b28d645"
2b10364b-0557-48ca-b811-216b22956652,Microsoft Power Platform Service,e64bd61e-5424-451f-b666-e02ee2878437,,04/15/2022,Activated,,,Enabled,Visible,No,"e64bd61e-5424-451f-b666-e02ee2878437, https://vnet.powerplatform.microsoft.com"
2b34938a-a1e0-440b-93d0-417846df681a,Marketplace Reviews,a4c1cdb3-88ab-4d13-bc99-1c46106f0727,,04/07/2022,Activated,,,Enabled,Visible,No,a4c1cdb3-88ab-4d13-bc99-1c46106f0727
2b35eb35-6e47-4dd7-bc6e-b30d31e85d9b,Azure Spring Cloud Marketplace Integration,86adf623-eea3-4453-9f4a-18134ac1410d,,04/12/2022,Activated,,,Enabled,Visible,No,86adf623-eea3-4453-9f4a-18134ac1410d
2c3af762-d999-4a01-b20e-1439b1512c95,Microsoft Intune SCCM Connector,63e61dc2-f593-4a6f-92b9-92e4d2c03d4f,,04/13/2022,Activated,,,Enabled,Visible,No,63e61dc2-f593-4a6f-92b9-92e4d2c03d4f
2c437bd4-d692-4016-939f-9a74cdf45b1e,WindowsUpdate-Service,6f0478d5-61a3-4897-a2f2-de09a5a90c7f,,04/13/2022,Deactivated,,,Disabled,Visible,No,6f0478d5-61a3-4897-a2f2-de09a5a90c7f
2c4715ab-b55a-414f-80f3-f6e5756b475b,IPSubstrate,4c8f074c-e32b-4ba7-b072-0f39d71daf51,,04/13/2022,Deactivated,,,Disabled,Visible,No,4c8f074c-e32b-4ba7-b072-0f39d71daf51
2c82ee8a-afbf-4389-924f-a2b525c6ed39,Azure Portal,c44b4083-3bb0-49c1-b47d-974e53cbdf3c,,03/04/2022,Activated,,,Enabled,Visible,No,"c44b4083-3bb0-49c1-b47d-974e53cbdf3c, https://1.portal.windowsazure.com/, https://2.portal.windowsazure.com/, https://onestb.cloudapp.net/, https://portal.windowsazure.com/"
2ca942c0-b652-4222-8fd2-f5e9eb4795d3,Compute Artifacts Publishing Service,a8b6bf88-1d1a-4626-b040-9a729ea93c65,,03/28/2022,Activated,,,Enabled,Visible,No,a8b6bf88-1d1a-4626-b040-9a729ea93c65
2dacd264-2416-401f-bbed-6651d9627b6a,DWEngineV2,441509e5-a165-4363-8ee7-bcf0b7d26739,,04/13/2022,Deactivated,,,Disabled,Visible,No,"441509e5-a165-4363-8ee7-bcf0b7d26739, https://outlook.office365.com/dwengine, https://outlook.office365.com/ebots, https://outlook.office365.com/DWEngineV2/"
2df6fb48-fbf0-4b55-b6e0-8c1c1d7b55c5,Microsoft Intune IW Service,b8066b99-6e67-41be-abfa-75db1a2c8809,,04/13/2022,Deactivated,,,Disabled,Visible,No,b8066b99-6e67-41be-abfa-75db1a2c8809
2e60b665-15dd-4e5d-a2fa-c6063c6151ad,Azure Machine Learning Services Asset Notification,b8cf62f3-7cc7-4e32-ab3a-41370ef0cfcf,,04/24/2022,Activated,,,Enabled,Visible,No,b8cf62f3-7cc7-4e32-ab3a-41370ef0cfcf
2e6fa0e5-d738-4db9-bfb5-5605f1f823b6,Windows Azure Active Directory,00000002-0000-0000-c000-000000000000,,03/04/2022,Activated,,,Enabled,Visible,No,"https://graph.windows.net, 00000002-0000-0000-c000-000000000000/graph.microsoftazure.us, 00000002-0000-0000-c000-000000000000/graph.windows.net, 00000002-0000-0000-c000-000000000000/directory.windows.net, 00000002-0000-0000-c000-000000000000, https://graph.windows.net/, https://graph.microsoftazure.us"
2ed90af3-3256-4cec-a5ab-97570c7627ff,MS-PIM,01fc33a7-78ba-4d2f-a4b7-768e336e890e,,04/13/2022,Activated,,,Enabled,Visible,No,"01fc33a7-78ba-4d2f-a4b7-768e336e890e, https://api.aadr.mspim.azure.com/, https://api.azrbac.mspim.azure.com/, https://mspim.onmicrosoft.com/, https://canaryapi.azrbac.mspim.azure.com/"
2f94bfa3-dacb-4a86-8cf7-bcbc1e9be1c9,AzureAutomation,fc75330b-179d-49af-87dd-3b1acf6827fa,,04/15/2022,Activated,,,Enabled,Visible,No,fc75330b-179d-49af-87dd-3b1acf6827fa
2fb4c2e2-98f8-438b-a90a-1d455a79b097,Azure Marketplace Datadog,0c6620df-7b29-44de-8ba4-688a56a20f9f,,04/13/2022,Activated,,,Enabled,Visible,No,0c6620df-7b29-44de-8ba4-688a56a20f9f
2fe9a51a-7f56-4597-8cb0-7134ce936909,DeploymentScheduler,8bbf8725-b3ca-4468-a217-7c8da873186e,,04/13/2022,Deactivated,,,Disabled,Visible,No,8bbf8725-b3ca-4468-a217-7c8da873186e
306d6825-8401-4d91-93ef-b9a0249365aa,Identity Scenario Monitoring,8d5683a1-43b9-4f38-8906-504eae3c36c9,,04/15/2022,Deactivated,,,Enabled,Visible,No,8d5683a1-43b9-4f38-8906-504eae3c36c9
309d70a7-8f3a-48f4-bb66-aab3e8a354a6,Bot Service Resource Provider,e6650347-047f-4e51-9386-839384472ea5,,04/15/2022,Activated,,,Enabled,Visible,No,e6650347-047f-4e51-9386-839384472ea5
30c7eeaa-5d50-4e86-aa85-b4b28afb5a45,gongo,74b0b707-6e48-48c5-a6f8-6ad47db27678,,04/07/2022,Activated,Managed By Microsoft,,Enabled,Visible,No,"74b0b707-6e48-48c5-a6f8-6ad47db27678, https://identity.azure.net/nRHO9dzatJWnNmLeR1Kb7/e7PBiJE27jmfGBKatvUZE="
311cd154-e076-4913-9ff1-8d9908f4b536,ConnectedClusterIdentityForHIS,de742ffc-b441-4542-8646-7e805426b824,,04/15/2022,Activated,,,Enabled,Visible,No,de742ffc-b441-4542-8646-7e805426b824
3141817b-2623-4b33-aba7-5af46eee1775,HPC Cache Resource Provider,4392ab71-2ce2-4b0d-8770-b352745c73f5,,04/15/2022,Activated,,,Enabled,Visible,No,4392ab71-2ce2-4b0d-8770-b352745c73f5
3217a396-619b-4c9a-8e52-cb4fd278a99f,Azure Orbital Resource Provider,4fa46669-56c9-44e7-a69b-182480b952a8,,04/15/2022,Activated,,,Enabled,Visible,No,4fa46669-56c9-44e7-a69b-182480b952a8
3225ed0c-1c2d-40c1-af0d-6500279089b7,CABProvisioning,5da7367f-09c8-493e-8fd4-638089cddec3,,04/07/2022,Activated,,,Enabled,Visible,No,5da7367f-09c8-493e-8fd4-638089cddec3
3276b696-6859-48a6-a381-176e9db745d3,Microsoft Azure AD Identity Protection,a3dfc3c6-2c7d-4f42-aeec-b2877f9bce97,,04/13/2022,Activated,,,Enabled,Visible,No,"a3dfc3c6-2c7d-4f42-aeec-b2877f9bce97, https://ipcapi-eu.azure.com, https://ipcapi-us.azure.com/, https://na.prod.graph.ipc.msidentity.com/, https://eu.prod.graph.ipc.msidentity.com/, https://jp.prod.graph.ipc.msidentity.com/, https://ipcapi-jp.azure.com/"
32abefb4-9005-425f-a9dc-b1e063801f96,Azure Media Services,374b2a64-3b6b-436b-934c-b820eacca870,,04/09/2022,Deactivated,,,Enabled,Visible,No,"374b2a64-3b6b-436b-934c-b820eacca870, https://armrp.media.azure.net/"
330affbf-4505-46ea-a7df-1a8fc8c42cd4,Geneva Alert RP,6bccf540-eb86-4037-af03-7fa058c2db75,,03/28/2022,Activated,,,Enabled,Visible,No,6bccf540-eb86-4037-af03-7fa058c2db75
33f057eb-9b2a-44f5-8876-23cbd3981a54,Microsoft Account (Windows Live),6e110594-2adf-49c8-8d37-41eee81c0359,https://127.0.0.1:444/applications/default.aspx?metadata=live|ISV9.3|primary|z,05/04/2022,Activated,,,Enabled,Visible,No,6e110594-2adf-49c8-8d37-41eee81c0359
3493bc44-b8e9-43ae-83e9-522eba7dbc95,5,30b7f32a-8115-4e12-883b-1fd99dd0efd9,,04/06/2022,Activated,Managed By Microsoft,,Enabled,Visible,No,"30b7f32a-8115-4e12-883b-1fd99dd0efd9, https://identity.azure.net/vg92ien7DXnAc4HBboaJdD9BzqeBUs47Mc1FWBKQ814="
34a5521b-d43f-4199-802a-fc9eab992258,Azure AD Identity Protection,fc68d9e5-1f76-45ef-99aa-214805418498,,04/28/2022,Activated,,,Enabled,Visible,No,"fc68d9e5-1f76-45ef-99aa-214805418498, https://main.protectioncenter.ext.azure.com, https://s2.cloudappdiscovery.ext.azure.com/"
34e3f389-8d4c-4178-9f3e-3d56fff1e78b,console-m365d,f18b59c9-5926-4a65-8605-c23ec8c7e074,,04/13/2022,Activated,,,Enabled,Visible,No,f18b59c9-5926-4a65-8605-c23ec8c7e074
352c6952-d2cd-4c9a-bc08-70351c1eb04d,Office Change Management,601d4e27-7bb3-4dee-8199-90d47d527e1c,,04/13/2022,Deactivated,,,Disabled,Visible,No,"601d4e27-7bb3-4dee-8199-90d47d527e1c/changemgmt.admin.Office.net, 601d4e27-7bb3-4dee-8199-90d47d527e1c"
3581eb77-e419-4bb5-91e4-878950a386ac,Knvhu,52aa7af2-7031-4163-a511-b1ca35c43c6e,,04/07/2022,Activated,Managed By Microsoft,,Enabled,Visible,No,"52aa7af2-7031-4163-a511-b1ca35c43c6e, https://identity.azure.net/W6cogUFHfteKw3mimj6kqLpe7Mn31903zsC2mQvylpI="
35d58ab2-c7a3-4ea6-bc14-320c0a3865d9,ACR-Tasks-Prod,d2fa1650-4805-4a83-bcb9-cf41fe63539c,,03/28/2022,Activated,,,Enabled,Visible,No,d2fa1650-4805-4a83-bcb9-cf41fe63539c
35e154d0-b6f6-44b2-aed2-d6de96e5967a,SQLVMResourceProviderAuth,bd93b475-f9e2-476e-963d-b2daf143ffb9,,04/15/2022,Activated,,,Enabled,Visible,No,bd93b475-f9e2-476e-963d-b2daf143ffb9
35f2087f-446c-4434-881b-e803090d84f4,Bot Service CMEK Prod,27a762be-14e7-4f92-899c-151877d6d497,,04/15/2022,Activated,,,Enabled,Visible,No,27a762be-14e7-4f92-899c-151877d6d497
372d493d-daf0-4e57-91f8-602eb44afb6f,Microsoft.CustomProviders RP,bf8eb16c-7ba7-4b47-86be-ac5e4b2007a5,,04/15/2022,Activated,,,Enabled,Visible,No,bf8eb16c-7ba7-4b47-86be-ac5e4b2007a5
3766e4e7-70f4-4fd9-8166-ea8e21040136,Microsoft Services,9ed4cd8c-9a98-405f-966b-38ab1b0c24a3,,04/15/2022,Activated,,,Enabled,Visible,No,"9ed4cd8c-9a98-405f-966b-38ab1b0c24a3, https://services.premier.microsoft.com/, https://rpservice-trs-prod-wus.azurewebsites.net, https://rpservice-trs-prod-weu.azurewebsites.net, https://rpservice-trs-prod-eus.azurewebsites.net, https://rpservice-trs-prod-eas.azurewebsites.net, https://rpservice-trs-prod-ause.azurewebsites.net, https://resourceprovider.serviceshub.microsoft.com, https://serviceshub.microsoft.com"
38ca0674-f1a3-4bec-aada-4614708673ff,OfficeServicesManager,9e4a5442-a5c9-4f6f-b03f-5b9fcaaf24b1,,06/09/2023,Activated,,,Enabled,Visible,No,"https://api.office.net, https://discovery.api.office.net, 9e4a5442-a5c9-4f6f-b03f-5b9fcaaf24b1, 9e4a5442-a5c9-4f6f-b03f-5b9fcaaf24b1/odc.officeapps.live.com"
39412005-c4f1-476b-8628-ff77467f60ac,Microsoft.SCOM Resource Provider,d3315f6c-968a-40bb-94d2-a6a9503b05f5,,04/15/2022,Activated,,,Enabled,Visible,No,d3315f6c-968a-40bb-94d2-a6a9503b05f5
39846f61-98a8-4a3e-8769-022e29c0c05e,Autonomous Development Platform Resource Provider,dad37da6-229d-4bc0-8b94-fee8600589db,,04/15/2022,Activated,,,Enabled,Visible,No,dad37da6-229d-4bc0-8b94-fee8600589db
3a4822c7-c933-487d-b958-1c4568be99de,Intune AndroidFOTAService ConfidentialClient,f8c6c2cc-4c3a-4157-b91c-11034ba01a6e,,07/16/2022,Activated,,,Enabled,Visible,No,f8c6c2cc-4c3a-4157-b91c-11034ba01a6e
3b28925f-f0c2-47dd-8878-ccbe5b1cd06a,Citrix ShareFile,f49e6313-6c53-4ec8-918f-2dd9f1980342,https://*.sharefile.com/saml/acs?metadata=sharefile|ISV9.1|primary|z,05/04/2022,Activated,,,Enabled,Visible,No,f49e6313-6c53-4ec8-918f-2dd9f1980342
3b5dab64-bc1a-4b98-bcde-f98f9fb1117a,Audit GraphAPI Application,4bfd5d66-9285-44a1-bb14-14953e8cdf5e,,04/13/2022,Activated,,,Enabled,Visible,No,4bfd5d66-9285-44a1-bb14-14953e8cdf5e
3bf946a3-b119-4d23-bb96-78b07ec008dc,Microsoft.ExtensibleRealUserMonitoring,e3583ad2-c781-4224-9b91-ad15a8179ba0,,04/13/2022,Deactivated,,,Disabled,Visible,No,"e3583ad2-c781-4224-9b91-ad15a8179ba0/na.myservice.com, e3583ad2-c781-4224-9b91-ad15a8179ba0"
3c41b3ae-fe78-4824-8e73-9f3c82aebfb4,RPSaaS Meta RP,f77c2a8f-8a0a-4776-8e0a-bcb2549610ca,,04/15/2022,Activated,,,Enabled,Visible,No,f77c2a8f-8a0a-4776-8e0a-bcb2549610ca
3d4c4664-7211-4ef9-851b-07210d580f10,Azure Synapse Studio,ec52d13d-2e85-410e-a89a-8c79fb6a32ac,,04/07/2022,Activated,,,Enabled,Visible,No,ec52d13d-2e85-410e-a89a-8c79fb6a32ac
3e25360e-4ee7-4cf4-b6b1-962f0d45e9bf,Microsoft.IoTFirmwareDefense.NonProd,ba446efa-cdf3-4a26-a2b9-27b1ab855511,,05/22/2022,Deactivated,,,Enabled,Visible,No,ba446efa-cdf3-4a26-a2b9-27b1ab855511
3ec83641-ef02-4af2-88a1-2b249cc9ba09,Microsoft Azure Log Search Alerts,f6b60513-f290-450e-a2f3-9930de61c5e7,,03/28/2022,Activated,,,Enabled,Visible,No,f6b60513-f290-450e-a2f3-9930de61c5e7
40e78765-8267-408a-92f5-c6d747937d5a,ClassicToARMIaaSMigration,5e5abe2b-83cd-4786-826a-a05653ebb103,,04/15/2022,Activated,,,Enabled,Visible,No,5e5abe2b-83cd-4786-826a-a05653ebb103
41173766-4438-4620-bbcd-8c91152c5c61,Office365DirectorySynchronizationService,18af356b-c4fd-4f52-9899-d09d21397ab7,,04/13/2022,Activated,,,Enabled,Visible,No,18af356b-c4fd-4f52-9899-d09d21397ab7
411b4296-f282-4fb3-8884-47c8aceff327,Azure Advanced Threat Protection,7b7531ad-5926-4f2d-8a1d-38495ad33e17,,04/13/2022,Activated,,,Enabled,Visible,No,"7b7531ad-5926-4f2d-8a1d-38495ad33e17, https://atp.azure.com"
41728631-ee7b-4287-bf6c-c326c12fee14,Microsoft Graph,00000003-0000-0000-c000-000000000000,,03/04/2022,Activated,,,Enabled,Visible,No,"00000003-0000-0000-c000-000000000000/ags.windows.net, 00000003-0000-0000-c000-000000000000, https://canary.graph.microsoft.com, https://graph.microsoft.com, https://ags.windows.net, https://graph.microsoft.us, https://graph.microsoft.com/, https://dod-graph.microsoft.us, https://canary.graph.microsoft.com/, https://graph.microsoft.us/, https://dod-graph.microsoft.us/"
42a58958-18ae-4a1d-83cc-b509b457d93b,Azure Machine Learning Authorization App 2,bf283ae6-5efd-44a8-b56a-2a7939982d60,,03/28/2022,Activated,,,Enabled,Visible,No,bf283ae6-5efd-44a8-b56a-2a7939982d60
42ebbd73-1341-4bc5-9260-dc6fa2a5f4a4,Business AI Service,a967240f-810b-4f79-85e5-25870cc69cbb,,04/07/2022,Deactivated,,,Enabled,Visible,No,"a967240f-810b-4f79-85e5-25870cc69cbb, https://beta.bons.ai"
42ebe334-1bef-4c96-a8ef-6152dd994acb,assets,f69cfde7-4247-48a2-a54d-1501570d8233,,03/28/2022,Activated,Managed By Microsoft,,Enabled,Visible,No,"f69cfde7-4247-48a2-a54d-1501570d8233, https://identity.azure.net/EQy510u4LTgVAmS5YCEVzJeQq2XW7I0Tai0f5FK7ooU="
43cb5411-cefc-4c51-a271-154054ec097b,Hybrid Connectivity RP,e18cedde-9458-482f-9dd1-558c597ac42e,,04/15/2022,Activated,,,Enabled,Visible,No,e18cedde-9458-482f-9dd1-558c597ac42e
44beb137-e79d-4572-8606-bf6e96a451e8,Jarvis Transaction Service,bf9fc203-c1ff-4fd4-878b-323642e462ec,,03/28/2022,Activated,,,Enabled,Visible,No,"bf9fc203-c1ff-4fd4-878b-323642e462ec, https://accounts.cp.microsoft.com"
44d84639-a339-4bd2-ac06-39e8024109c8,Exchange Office Graph Client for AAD - Noninteractive,765fe668-04e7-42ba-aec0-2c96f1d8b652,,04/13/2022,Activated,,,Enabled,Visible,No,765fe668-04e7-42ba-aec0-2c96f1d8b652
4530751d-e651-435b-ad84-66cc8f0ab189,AzureSupportCenter,37182072-3c9c-4f6a-a4b3-b3f91cacffce,,03/04/2022,Activated,,,Enabled,Visible,No,37182072-3c9c-4f6a-a4b3-b3f91cacffce
453615ec-8759-417e-a1ab-243f3fb3b0f7,SAP Analytics Cloud,3b5c2f38-d6e7-4b96-944c-872d4fe64fe6,https://authn.hana.ondemand.com/saml2/sp/acs/*?metadata=sapbusinessobjectscloud|ISV9.1|primary|z,05/02/2022,Activated,,,Enabled,Visible,No,3b5c2f38-d6e7-4b96-944c-872d4fe64fe6
4561aa3c-3bc3-4b25-934d-eb815877ae60,MicrosoftOffAzureApp,728a93e3-065d-4678-93b1-3cc281223341,,04/14/2022,Activated,,,Enabled,Visible,No,728a93e3-065d-4678-93b1-3cc281223341
457e73b4-6ab2-4ac1-a7b9-b123d5794d83,Microsoft Azure Synapse Gateway,1ac05c7e-12d2-4605-bf9d-549d7041c6b3,,04/07/2022,Activated,,,Enabled,Visible,No,"1ac05c7e-12d2-4605-bf9d-549d7041c6b3, https://workspaceartifacts.projectarcadia.net, https://dev.azuresynapse.net, https://dev.azuresynapse.usgovcloudapi.net, https://dev.azuresynapse.net/, https://dev.azuresynapse.usgovcloudapi.net/, https://workspaceartifacts.projectarcadia.net/"
4590bd32-0874-4112-86f2-c93d5098adbc,Azure Digital Twins Resource Provider,91ff567f-bb4f-4719-91d7-d983057bc0d6,,04/13/2022,Activated,,,Enabled,Visible,No,91ff567f-bb4f-4719-91d7-d983057bc0d6
464ae86b-6ec8-47bc-9fb1-66e451e63758,Microsoft.SMIT,8fca0a66-c008-4564-a876-ab3ae0fd5cff,,03/04/2022,Deactivated,,,Enabled,Visible,No,"8fca0a66-c008-4564-a876-ab3ae0fd5cff/lowlatency.cloudapp.net, 8fca0a66-c008-4564-a876-ab3ae0fd5cff"
46f9d342-e6c7-48c5-9f36-3b74f939bdc4,MicrosoftAzureRedisCache,96231a05-34ce-4eb4-aa6a-70759cbb5e83,,04/15/2022,Activated,,,Enabled,Visible,No,96231a05-34ce-4eb4-aa6a-70759cbb5e83
4801e6c2-bcd6-4ccb-903c-fb0eb8d1a861,Vault,0ac71e58-8aec-485e-a4ec-6b24af1b962a,,04/20/2022,Activated,Managed By Microsoft,,Enabled,Visible,No,"0ac71e58-8aec-485e-a4ec-6b24af1b962a, https://identity.azure.net/rxb1lU5Md8ySgnkIu5zGNQBMXLa/4CVF8OMmJKkDkj8="
48301288-b007-4a23-860b-16caf9fd3bd8,CosmosDB Dedicated Instance,36e2398c-9dd3-4f29-9a72-d9f2cfc47ad9,,04/12/2022,Activated,,,Enabled,Visible,No,36e2398c-9dd3-4f29-9a72-d9f2cfc47ad9
483ad593-a63e-46bf-a9db-3936a0f99ac2,Autog,7a08d6a2-494e-48eb-85cd-8c245104a6fd,,04/07/2022,Activated,Managed By Microsoft,,Enabled,Visible,No,"7a08d6a2-494e-48eb-85cd-8c245104a6fd, https://identity.azure.net/fQMLiQqVkn7YqvDVcHQ0j9lX3Cst8F7ubbZvFU4Wk5s="
496b61ac-5430-4815-9480-70bb43289beb,Microsoft.NotificationHubs,3caf7e80-c1dc-4cbc-811c-d281c9d5e45c,,05/15/2022,Activated,,,Enabled,Visible,No,"3caf7e80-c1dc-4cbc-811c-d281c9d5e45c, https://notificationhubs.azure.net"
49ff99b7-a475-410f-b0d8-ccd2bdeeb1ee,Azure Healthcare APIs Resource Provider,894b1496-c6e0-4001-b69c-81b327564ca4,,04/15/2022,Activated,,,Enabled,Visible,No,894b1496-c6e0-4001-b69c-81b327564ca4
4a4b8af3-d3f2-45c5-8694-c5de6c7fde57,Azure Virtual Machine Image Builder,cf32a0cc-373c-47c9-9156-0db11f6a6dfc,,04/15/2022,Activated,,,Enabled,Visible,No,cf32a0cc-373c-47c9-9156-0db11f6a6dfc
4a6bb532-3e70-4b5f-bfc1-688f6d575f04,LexisNexis Corporate Affiliations,c6932912-e55b-494c-b080-de9a35ce410c,https://127.0.0.1:444/applications/default.aspx?metadata=lexisnexiscorporateaffiliations|ISV9.3|primary|z,05/04/2022,Activated,,,Enabled,Visible,No,c6932912-e55b-494c-b080-de9a35ce410c
4bc79072-e72e-4a52-88b6-9b12fdbd831b,Azure ExP,e00d2f8a-f6c8-46e4-b379-e66082e28ca8,,04/15/2022,Activated,,,Enabled,Visible,No,"e00d2f8a-f6c8-46e4-b379-e66082e28ca8, https://experimentation.azure.net, https://exp.azure.net, https://exp-ppe.azure.net, https://rp-rpaas-app-prod-eu2c.azurewebsites.net, https://rp-rpaas-app-prod-wus2.azurewebsites.net"
4cbb3354-396a-4ae8-83d4-c7f8535db0f5,The NEW GLOBAL NETWORK ,e1b4ed32-0aea-4286-88bf-5df97be96abc,https://127.0.0.1:444/applications/default.aspx?metadata=att|ISV9.3|primary|z,05/04/2022,Activated,,,Enabled,Visible,No,e1b4ed32-0aea-4286-88bf-5df97be96abc
4ce07296-7d16-4714-83de-e8cc99901ae1,ASA Curation Web Tool,a15bc1de-f777-408f-9d2b-a27ed19c72ba,,04/07/2022,Activated,,,Enabled,Visible,No,a15bc1de-f777-408f-9d2b-a27ed19c72ba
4d7be0f1-ce2b-4310-8686-280797ee0f02,Citrix ADC SAML Connector for Azure AD,db559737-c65c-4c91-b5d2-c51a55c9e22b,https://Citrix_ADC_FQDN/CitrixAuthService/AuthService.asmx?metadata=citrixnetscaler|ISV9.2|primary|z,05/04/2022,Activated,,,Enabled,Visible,No,db559737-c65c-4c91-b5d2-c51a55c9e22b
4df22592-201d-4984-8dce-bec24d872fb7,Azure Spring Cloud Service Runtime Auth,366cbfa5-46b3-47fb-9d70-55fb923b4833,,04/12/2022,Activated,,,Enabled,Visible,No,366cbfa5-46b3-47fb-9d70-55fb923b4833
4e4398fa-10c4-4f05-a4ae-2ede1b96436d,AzureBackupReporting,3b2fa68d-a091-48c9-95be-88d572e08fb7,,04/10/2022,Activated,,,Enabled,Visible,No,3b2fa68d-a091-48c9-95be-88d572e08fb7
4eac9dc5-2cf3-48b5-808a-66ad0be70071,Lexis.com,9c012f45-4a09-4f90-9cb9-5dea81f53a9e,https://127.0.0.1:444/applications/default.aspx?metadata=lexisnexislexiscom|ISV9.3|primary|z,05/04/2022,Activated,,,Enabled,Visible,No,9c012f45-4a09-4f90-9cb9-5dea81f53a9e
4eb9645b-7f0c-4b6e-b14a-c2d04f4a7ab9,MicrosoftStorageExpressPodAADApp,5613cb5c-a7c9-4099-8034-511fd7616cb2,,04/15/2022,Activated,,,Enabled,Visible,No,5613cb5c-a7c9-4099-8034-511fd7616cb2
4fab2996-8d9e-4b5f-99d2-fa2a2c3afb57,O365 Customer Monitoring,3aa5c166-136f-40eb-9066-33ac63099211,,04/13/2022,Deactivated,,,Disabled,Visible,No,3aa5c166-136f-40eb-9066-33ac63099211
4fb6e44c-7400-4b85-8858-8372caf7b881,ASE-Arc-Integration,0000dab9-8b21-4ba2-807f-1743968cef00,,04/12/2022,Activated,,,Enabled,Visible,No,0000dab9-8b21-4ba2-807f-1743968cef00
4ff32095-50ec-463b-84de-00339fda0cdc,Azure Cosmos DB Virtual Network To Network Resource Provider,57c0fc58-a83a-41d0-8ae9-08952659bdfd,,04/12/2022,Activated,,,Enabled,Visible,No,57c0fc58-a83a-41d0-8ae9-08952659bdfd
50bfed9b-fa58-400c-b19a-528c769e28c4,Data Classification Service,7c99d979-3b9c-4342-97dd-3239678fb300,,04/13/2022,Activated,,,Enabled,Visible,No,"7c99d979-3b9c-4342-97dd-3239678fb300, https://dataclassification.office.com, https://dataclassification.office365.us"
50d7ad0e-aec6-4410-8b1e-4467ca6dcc78,Microsoft Solution Providers,87df0fbf-e22d-4d7c-bc30-f59ca7460837,,04/15/2022,Activated,,,Enabled,Visible,No,87df0fbf-e22d-4d7c-bc30-f59ca7460837
515a5848-516e-4396-bb40-e70c5d17bdd9,Linkedin,56e5be3f-8703-4fe3-936b-8599b606b8fc,https://account.activedirectory.windowsazure.com:444/applications/default.aspx?metadata=linkedin|ISV9.3|primary|z,05/04/2022,Activated,,,Enabled,Visible,No,56e5be3f-8703-4fe3-936b-8599b606b8fc
5170c7ca-9d59-434e-a64f-204cfe9a3019,Liftr Datadog RPaaS,ae11f5fb-c627-4eec-b4a0-f7b5969426e5,,04/13/2022,Activated,,,Enabled,Visible,No,ae11f5fb-c627-4eec-b4a0-f7b5969426e5
51e64549-0fbe-47af-a524-cfeebc2ce495,Microsoft.EventHubs,80369ed6-5f11-4dd9-bef3-692475845e77,,04/15/2022,Activated,,,Enabled,Visible,No,"https://eventhubs.azure.net, 80369ed6-5f11-4dd9-bef3-692475845e77"
520b5e54-62d8-493a-8b51-82f79a32e604,myAKSCluster,b121a960-2b39-48d2-a3ed-9efe1b7f8992,,04/18/2022,Activated,Managed By Microsoft,,Enabled,Visible,No,"b121a960-2b39-48d2-a3ed-9efe1b7f8992, https://identity.azure.net/Jq4DC3nseuWgaN0CLYlhT9qhP46wOpIAqkWtzGRqLhk="
529e535b-d7f6-4b9a-a383-e364b9cb059b,SubscriptionRP,e3335adb-5ca0-40dc-b8d3-bedc094e523b,,04/07/2022,Activated,,,Enabled,Visible,No,"https://subscriptionrp.trafficemanager.net, e3335adb-5ca0-40dc-b8d3-bedc094e523b"
534cd20f-8efd-4c7c-9e9a-45e8021b0201,Accuit (iFACS),3ae55346-4fae-430e-96f8-e26e8315f27e,https://127.0.0.1:444/applications/default.aspx?metadata=accuitifacs|ISV9.3|primary|z,05/04/2022,Activated,,,Enabled,Visible,No,3ae55346-4fae-430e-96f8-e26e8315f27e
53c0229f-b27c-4ee8-898f-1fa649ba0302,Microsoft.CodeSigning,71af9eaf-3a7b-43eb-bc59-c504bfe12240,,04/15/2022,Activated,,,Enabled,Visible,No,"71af9eaf-3a7b-43eb-bc59-c504bfe12240, https://acsportal.azurefd.net"
54330d6b-2c8f-445c-8ac8-31193149b947,PTSS,9f6c88b7-0272-4581-a75a-ec0340824ed1,,03/12/2023,Activated,,,Enabled,Visible,No,9f6c88b7-0272-4581-a75a-ec0340824ed1
54c10dda-6b31-4ab3-8c79-217934b83cbe,Azure Sphere Resource Provider,e7d5afaf-5e93-4aad-b546-878812ff572c,,04/15/2022,Activated,,,Enabled,Visible,No,"e7d5afaf-5e93-4aad-b546-878812ff572c, https://arm.sphere.azure.net/api, https://rp.sphere.azure.net/api"
54f9ee55-c45c-4e25-a407-ba1c8e15bc82,Azure Blueprints,f71766dc-90d9-4b7d-bd9d-4499c4331c3f,,04/15/2022,Activated,,,Enabled,Visible,No,f71766dc-90d9-4b7d-bd9d-4499c4331c3f
55620c3b-6fe8-439a-92fc-271ef925a9c6,Quickbooks Other Intuit Service QuickBooks Online,91f2f07a-57ac-44c9-89e6-c9e872cb470e,https://account.activedirectory.windowsazure.com:444/applications/default.aspx?metadata=quickbooksotherintuitservicequickbooksonline|ISV9.3|primary|z,05/04/2022,Activated,,,Enabled,Visible,No,91f2f07a-57ac-44c9-89e6-c9e872cb470e
557eb834-0f75-42af-9508-2e08cb2924cb,Azure Addons Application,24d3987b-be4a-48e0-a3e7-11c186f39e41,,04/15/2022,Activated,,,Enabled,Visible,No,24d3987b-be4a-48e0-a3e7-11c186f39e41
55b32cfa-4615-4114-983a-b34837ffdb66,fidelitynetbenefits,00a571e7-e41d-4ed4-8eef-36ee2632264d,https://login.fidelity.com/*?metadata=fidelitynetbenefits|ISV9.2|primary|z,05/04/2022,Activated,,,Enabled,Visible,No,00a571e7-e41d-4ed4-8eef-36ee2632264d
560f18cd-5977-4053-a1bb-eb4826c633cc,ConfidentialLedgerDataPlane,c9e0b461-3515-4a03-b576-ede91ed4336d,,04/06/2022,Activated,,,Enabled,Visible,No,"c9e0b461-3515-4a03-b576-ede91ed4336d, https://confidential-ledger.azure.com"
5621f3cc-f374-4140-bb2e-cddd97a01a1c,Microsoft Azure Synapse Resource Provider,9e09aefc-b2e5-4d19-9f74-3e3e8b11a57b,,04/07/2022,Activated,,,Enabled,Visible,No,9e09aefc-b2e5-4d19-9f74-3e3e8b11a57b
563c5dac-bf5c-48ff-a2ad-43baf63f860f,Microsoft.AzureStackHCI Resource Provider,1412d89f-b8a8-4111-b4fd-e82905cbd85d,,04/15/2022,Activated,,,Enabled,Visible,No,"1412d89f-b8a8-4111-b4fd-e82905cbd85d, https://sea-azurestackhci-rp.azurewebsites.net"
566b54b5-f29a-4821-9470-10788f68e658,"Bank American, N.A.",af50c6e1-9fa7-4512-8e63-33d5541d2b9d,https://businessaccess.citibank.citigroup.com/cbusolDemo/do/htmlserver/demo/BAsignon.im.html?010208,04/15/2022,Activated,,,Enabled,Hidden,No,"af50c6e1-9fa7-4512-8e63-33d5541d2b9d, api://af50c6e1-9fa7-4512-8e63-33d5541d2b9d"
5680479b-d043-4449-aa65-212e757d40bf,Afdx Resource Provider,92b61450-2139-4e4a-a0cc-898eced7a779,,04/09/2022,Activated,,,Enabled,Visible,No,92b61450-2139-4e4a-a0cc-898eced7a779
568385ca-1e36-4b30-8f64-a997aadaeddb,Domain Controller Services,abba844e-bc0e-44b0-947a-dc74e5d09022,,04/15/2022,Activated,,,Enabled,Visible,No,abba844e-bc0e-44b0-947a-dc74e5d09022
56a8c3cd-bcbe-4f7f-b93b-5320e06c8d97,Microsoft Azure Stack HCI Service,1322e676-dee7-41ee-a874-ac923822781c,,04/15/2022,Activated,,,Enabled,Visible,No,"1322e676-dee7-41ee-a874-ac923822781c, https://azurestackhci-usage.trafficmanager.net"
56fec152-b6ba-40af-8c8a-6422afab0d32,Azure Managed Grafana,ce34e7e5-485f-4d76-964f-b3d2b16d1e4f,,04/15/2022,Activated,,,Enabled,Visible,No,"ce34e7e5-485f-4d76-964f-b3d2b16d1e4f, https://azgrafana.io, https://grafana.azure.com"
58c62d40-8450-4145-930a-e986ca3e684c,Azure SQL Virtual Network to Network Resource Provider,76cd24bf-a9fc-4344-b1dc-908275de6d6d,,04/06/2022,Activated,,,Enabled,Visible,No,76cd24bf-a9fc-4344-b1dc-908275de6d6d
5958db8b-c90b-4a1f-9a6b-54bc80e27aa2,MCVP Resource Provider,070fc472-7cef-4d53-9b65-34464c4d5f4a,,04/15/2022,Activated,,,Enabled,Visible,No,"070fc472-7cef-4d53-9b65-34464c4d5f4a, https://azure-connectedvehicles.net"
5983a51f-17b2-47c6-9887-40d7386ff3ae,Groupies Web Service,925eb0d0-da50-4604-a19f-bd8de9147958,,04/13/2022,Deactivated,,,Disabled,Visible,No,925eb0d0-da50-4604-a19f-bd8de9147958
599ba50d-f370-4d39-8c33-d90b075b2251,Microsoft.PlayFab,ce52bcbe-f669-4cfd-9866-d64472d3e13e,,04/15/2022,Activated,,,Enabled,Visible,No,"ce52bcbe-f669-4cfd-9866-d64472d3e13e, https://playfab.azure.com"
5a031465-f878-48e6-abc0-dffda659e523,R and D Tax Credit Services : 10-wk Implementation,a0df4d2c-64a4-4e93-8f8e-4c8d721b5b77,https://login.pwc.com/openam/PWCIAuthConsumer/metaAlias/pwc/sp3?metadata=randdtaxcreditservices|ISV9.2|primary|z,05/04/2022,Activated,,,Enabled,Visible,No,a0df4d2c-64a4-4e93-8f8e-4c8d721b5b77
5ab36467-4004-4e92-88e4-dc04e43caedf,MileIQ Admin Center,de096ee1-dae7-4ee1-8dd5-d88ccc473815,,04/13/2022,Activated,,,Enabled,Visible,No,de096ee1-dae7-4ee1-8dd5-d88ccc473815
5af5afdd-fe29-4137-b077-e3261f2ad83f,Atlas,d10de03d-5ba3-497a-90e6-7ff8c9736059,,04/15/2022,Activated,,,Enabled,Visible,No,d10de03d-5ba3-497a-90e6-7ff8c9736059
5b3cafe9-6812-498f-a8a0-e882047f0708,Azure Monitor Restricted,035f9e1d-4f00-4419-bf50-bf2d87eb4878,,03/28/2022,Activated,,,Enabled,Visible,No,"035f9e1d-4f00-4419-bf50-bf2d87eb4878, https://ingestion.monitor.azure.com/, https://monitoring.azure.com/, https://monitoring.azure.us/, https://monitor.core.windows.net/, https://monitor-ppe.core.windows.net/, https://monitor.core.usgovcloudapi.net/"
5b51f49d-1317-460c-8cc4-93e28688b3ce,Azure AD Identity Governance - SPO Management,396e7f4b-41ea-4851-b04d-65de6cf1b4a3,,04/13/2022,Activated,,,Enabled,Visible,No,396e7f4b-41ea-4851-b04d-65de6cf1b4a3
5bd8aefe-fe6a-4f29-864a-84b2fdcf2d5a,Azure Cost Management Scheduled Actions,6b3368c6-61d2-4a72-854c-42d1c4e71fed,,04/13/2022,Activated,,,Enabled,Visible,No,"6b3368c6-61d2-4a72-854c-42d1c4e71fed, api://6b3368c6-61d2-4a72-854c-42d1c4e71fed"
5c0f2149-1209-4091-bab8-3144fecf8848,Azure Lab Services,1a14be2a-e903-4cec-99cf-b2e209259a0f,,04/14/2022,Activated,,,Enabled,Visible,No,1a14be2a-e903-4cec-99cf-b2e209259a0f
5c430488-f2c5-41c0-b59e-70c7d1ee3089,Microsoft AppSource,a0e1e353-1a3e-42cf-a8ea-3a9746eec58c,,04/15/2022,Activated,,,Enabled,Visible,No,"a0e1e353-1a3e-42cf-a8ea-3a9746eec58c, https://spza-prod.net, https://appsource.microsoft.com, https://spza-staging.net, https://spza-canary.net"
5c94d201-2a29-48b0-b024-6cf72959b52b,ClusterConfigResourceSync,bd9b7cd5-dac1-495f-b013-ac871e98fa5f,,04/12/2022,Activated,,,Enabled,Visible,No,bd9b7cd5-dac1-495f-b013-ac871e98fa5f
5e0c70fe-c198-43d0-8d86-f73f8576ab47,MicrosoftMigrateProject,e3bfd6ac-eace-4438-9dc1-eed439e738de,,04/10/2022,Activated,,,Enabled,Visible,No,e3bfd6ac-eace-4438-9dc1-eed439e738de
5e51d555-bb17-46dd-a79c-c5e8cd521c06,Liftr-LZ-FPA-ARM-AME,a5472e16-e1d2-4bbe-81b3-ecdcd459b536,,04/15/2022,Deactivated,,,Enabled,Visible,No,a5472e16-e1d2-4bbe-81b3-ecdcd459b536
5eb0b1af-97ee-4b64-8ab3-8b210ba58621,Azure Cognitive Search,880da380-985e-4198-81b9-e05b1cc53158,,04/07/2022,Activated,,,Enabled,Visible,No,"880da380-985e-4198-81b9-e05b1cc53158, https://search.azure.com"
5ecee076-2865-4633-836a-a76a80167d4a,Bot Service Token Store,5b404cf4-a79d-4cfe-b866-24bf8e1a4921,,04/15/2022,Activated,,,Enabled,Visible,No,5b404cf4-a79d-4cfe-b866-24bf8e1a4921
5f099a83-764f-4e05-a98d-3f31ab793e5c,Dynamics CRM Online Administration,637fcc9f-4a9b-4aaa-8713-a2a3cfda1505,,04/14/2022,Activated,,,Enabled,Visible,No,637fcc9f-4a9b-4aaa-8713-a2a3cfda1505
5fa2d8c6-1174-4780-a77f-a47b9457e15a,Microsoft.Azure.DomainRegistration,ea2f600a-4980-45b7-89bf-d34da487bda1,,04/14/2022,Activated,,,Enabled,Visible,No,ea2f600a-4980-45b7-89bf-d34da487bda1
5fdfc284-87fa-4804-9a87-3922c2d5fb8e,Azure Dedicated HSM,0eb690b7-d23e-4fb0-b43e-cd161ac80cc3,,04/15/2022,Activated,,,Enabled,Visible,No,0eb690b7-d23e-4fb0-b43e-cd161ac80cc3
60b85128-323b-4392-9340-aff33d35bdb4,Microsoft Intune Enrollment,d4ebce55-015a-49b5-a083-c84d1797ae8c,,04/13/2022,Deactivated,,,Disabled,Visible,No,"d4ebce55-015a-49b5-a083-c84d1797ae8c, https://enrollment.manage-selfhost.microsoft.com/, https://enrollment.manage-selfhost.microsoft.com, https://enrollment.manage-beta.microsoft.com/, https://enrollment.manage-beta.microsoft.com, https://enrollment.manage.microsoft.com/, https://enrollment.manage.microsoft.com, https://enterpriseenrollment-s.manage-selfhost.microsoft.com/, https://enterpriseenrollment-s.manage-selfhost.microsoft.com, https://enterpriseenrollment-s.manage-beta.microsoft.com/, https://enterpriseenrollment-s.manage-beta.microsoft.com, https://enterpriseenrollment-s.manage.microsoft.com/, https://enterpriseenrollment-s.manage.microsoft.com, https://enrollment.manage-mig.microsoft.com/, https://enrollment.manage-mig.microsoft.com, https://enterpriseenrollment-s.manage-mig.microsoft.com/, https://enterpriseenrollment-s.manage-mig.microsoft.com"
60ecd2b7-dc5a-4aa9-87fb-a0ae36b59c57,ClusterConfigResourceSync,bd9b7cd5-dac1-495f-b013-ac871e98fa5f,,04/12/2022,Activated,,,Enabled,Visible,No,bd9b7cd5-dac1-495f-b013-ac871e98fa5f
6126c324-313e-4dff-adab-6210c6353962,Azure Container Scale Sets,63ea3c01-7483-456e-8073-d3fed34fbdda,,04/07/2022,Activated,,,Enabled,Visible,No,63ea3c01-7483-456e-8073-d3fed34fbdda
6126e735-e3b6-4469-b07a-5c8f4b168e91,Azure Key Vault,cfa8b339-82a2-471a-a3c9-0fc0be7a4093,,03/28/2022,Activated,,,Enabled,Visible,No,"cfa8b339-82a2-471a-a3c9-0fc0be7a4093, https://vault.azure.net"
6194a015-9c88-4d5c-a1f9-779149556deb,asmcontainerimagescanner,918d0db8-4a38-4938-93c1-9313bdfe0272,,03/28/2022,Activated,,,Enabled,Visible,No,918d0db8-4a38-4938-93c1-9313bdfe0272
619a697b-6742-4953-9655-045447851c56,Intune Remote Help,7e9f2fca-0cd8-4a6c-a1a0-7ffe48aec7c6,,07/16/2022,Activated,,,Enabled,Visible,No,7e9f2fca-0cd8-4a6c-a1a0-7ffe48aec7c6
61b0aa1e-034a-4044-890a-42e15495da10,Azure Arc Data Services Billing,a12e8ccb-0fcd-46f8-b6a1-b9df7a9d7231,,04/12/2022,Activated,,,Enabled,Visible,No,"a12e8ccb-0fcd-46f8-b6a1-b9df7a9d7231, https://azurearcdata.billing.publiccloudapi.net"
627bca6b-e8af-4c64-9f1d-b4634ca95c44,Azure Database for PostgreSQL Marlin,5ed8fe41-c1bc-4c06-a531-d91e1f1c2fac,,04/12/2022,Activated,,,Enabled,Visible,No,5ed8fe41-c1bc-4c06-a531-d91e1f1c2fac
62f9b434-2e49-495a-9155-f5bec93189f8,WindowsDefenderATP,fc780465-2017-40d4-a0c5-307022471b92,,04/07/2022,Activated,,,Enabled,Visible,No,"fc780465-2017-40d4-a0c5-307022471b92, https://userrequestsgraphapiep-prd.trafficmanager.net, https://api.securitycenter.windows.com/, https://securitycenter.onmicrosoft.com/windowsatpservice, https://managementapi.securitycenter.windows.com/, https://publicapi-prd.trafficmanager.net/, https://api.securitycenter.windows.us/, https://securityoperations.microsoft.com, https://api-gov.securitycenter.microsoft.us, https://api.securitycenter.microsoft.com, https://api-us.securitycenter.microsoft.com, https://api-eu.securitycenter.microsoft.com, https://api-uk.securitycenter.microsoft.com, https://securitycenter.microsoft.com/mtp, https://api-gcc.securitycenter.microsoft.us/, https://api.securitycenter.microsoft.com/, https://api-gcc.securitycenter.microsoft.us, https://securitycenter.microsoft.com/mtp/, https://api-uk.securitycenter.microsoft.com/, https://api-eu.securitycenter.microsoft.com/, https://api-us.securitycenter.microsoft.com/, https://api-gov.securitycenter.microsoft.us/, https://securityoperations.microsoft.com/, https://api.securitycenter.windows.us, https://publicapi-prd.trafficmanager.net, https://managementapi.securitycenter.windows.com, https://securitycenter.onmicrosoft.com/windowsatpservice/, https://api.securitycenter.windows.com, https://userrequestsgraphapiep-prd.trafficmanager.net/"
630a4060-5b73-4c5b-85c9-0113276e496c,Bing Search APIs,c19490b5-c092-426f-b1a2-674b279d4975,,04/15/2022,Activated,,,Enabled,Visible,No,"c19490b5-c092-426f-b1a2-674b279d4975, https://api.bing.microsoft.com"
63204f27-dde8-4f30-b1db-3ff13f8585a6,EventGrid Data API,823c0a78-5de0-4445-a7f5-c2f42d7dc89b,,04/09/2022,Activated,,,Enabled,Visible,No,"823c0a78-5de0-4445-a7f5-c2f42d7dc89b, https://eventgrid.azure.net"
634767c2-e4ea-4120-a7e6-9b0c5f7505aa,AADReporting,1b912ec3-a9dd-4c4d-a53e-76aa7adb28d7,,04/15/2022,Activated,,,Enabled,Visible,No,"1b912ec3-a9dd-4c4d-a53e-76aa7adb28d7, https://reportingservice.activedirectory.windowsazure.com/"
65fd7c60-1bc2-4b70-92cf-6955195accc2,spring-boot-complete-1649734694672,a466b239-e85b-439c-a3b5-f0ee6ce3b7b5,,04/17/2022,Activated,Managed By Microsoft,,Enabled,Visible,No,"a466b239-e85b-439c-a3b5-f0ee6ce3b7b5, https://identity.azure.net/xbuAIp4O9vxKgfFMbteIzbi7xtcqFvdw5DuVPekKdMs="
6651ee16-7dad-4cfa-886c-10c954a90fae,Quantumiot,02069796-fdae-431f-832d-06f03bd0ccf6,,04/13/2022,Activated,Managed By Microsoft,,Enabled,Visible,No,"02069796-fdae-431f-832d-06f03bd0ccf6, https://identity.azure.net/gj/X/Irlc8TJSexVWyWS7ZmrSkoU6csfobs1/u26pP4="
6699875c-c2ae-423e-9335-89c2dbf9ca80,MAPG,cc46c2aa-d508-409b-aeb7-df7cd1e07aaa,,04/13/2022,Activated,,,Enabled,Visible,No,"cc46c2aa-d508-409b-aeb7-df7cd1e07aaa, api://cc46c2aa-d508-409b-aeb7-df7cd1e07aaa"
66c04776-6d86-4366-a87f-24147eab3773,Azure Container Registry Application,76c92352-c057-4cc2-9b1e-f34c32bc58bd,,03/28/2022,Activated,,,Enabled,Visible,No,"76c92352-c057-4cc2-9b1e-f34c32bc58bd, https://containerregistry.azure.net"
66e9b7bc-d5dc-4834-817b-7ddac84b6dd5,CloudNativeTesting DP,847bd4c1-7486-4241-a783-f9bda69241c1,,04/15/2022,Activated,,,Enabled,Visible,No,"847bd4c1-7486-4241-a783-f9bda69241c1, https://loadtest.azure-dev.com, https://resourceprovider-rel.eus2.cnt-canary.loadtesting.azure.com, https://resourceprovider-rel.eus.cnt-prod.loadtesting.azure.com, https://resourceprovider-rel.neu.cnt-prod.loadtesting.azure.com, https://resourceprovider-rel.wus2.cnt-prod.loadtesting.azure.com, https://resourceprovider-rel.sing.cnt-prod.loadtesting.azure.com, https://resourceprovider-rel.eau.cnt-prod.loadtesting.azure.com, https://resourceprovider-rel.eus2.cnt-prod.loadtesting.azure.com, https://resourceprovider-rel.scus.cnt-prod.loadtesting.azure.com"
6709e987-2370-4db1-b804-733439714dd7,K8 Bridge,319f651f-7ddb-4fc6-9857-7aef9250bd05,,04/12/2022,Activated,,,Enabled,Visible,No,319f651f-7ddb-4fc6-9857-7aef9250bd05
671a11b4-756c-46c8-9e1f-bd8a9dd95474,Mobile Edge Compute and Mobile Networking Surrogate,ffcd9699-8660-437a-99e7-87365fb88c8b,,05/21/2022,Activated,,,Enabled,Visible,No,ffcd9699-8660-437a-99e7-87365fb88c8b
6735df02-ac5d-4056-a4b0-65f4fcf84e51,Azure Multi-Factor Auth Client,981f26a1-7f43-403b-a875-f8b09b8cd720,,04/13/2022,Activated,,,Enabled,Visible,No,981f26a1-7f43-403b-a875-f8b09b8cd720
679ec0ed-b99e-4437-840e-3acbc3f1f58b,Azure Container Registry,6a0ec4d3-30cb-4a83-91c0-ae56bc0e3d26,,03/28/2022,Activated,,,Enabled,Visible,No,6a0ec4d3-30cb-4a83-91c0-ae56bc0e3d26
680ee73e-15b1-4342-ac15-9340e0a6af05,microsoft.connectedopenstack,432d3ac8-d6b9-43b9-9ef5-236ea50a049a,,04/15/2022,Activated,,,Enabled,Visible,No,432d3ac8-d6b9-43b9-9ef5-236ea50a049a
681f1855-9fb0-4cfd-8f40-ce9fe876d0f5,DNC,1efe5bbf-d5b1-4fe9-99fa-f55ce1c88679,,04/15/2022,Deactivated,,,Disabled,Visible,No,"1efe5bbf-d5b1-4fe9-99fa-f55ce1c88679, https://dnc.azure.com"
6826bc07-d476-4a65-818e-5d602dc8da4e,ClusterConfigToArcZone,a0f92522-89de-4c5e-9a75-0044ccf66efd,,04/12/2022,Activated,,,Enabled,Visible,No,a0f92522-89de-4c5e-9a75-0044ccf66efd
687077b3-dde9-477c-bdbf-ffe35e45f233,AzureUpdateCenter,8c420feb-03df-47cc-8a05-55df0cf3064b,,04/12/2022,Activated,,,Enabled,Visible,No,8c420feb-03df-47cc-8a05-55df0cf3064b
68ab15e1-55b1-45b6-93b1-95eea7b076df,Microsoft Modern Contact Master,224a7b82-46c9-4d6b-8db0-7360fb444681,,03/28/2022,Activated,,,Enabled,Visible,No,224a7b82-46c9-4d6b-8db0-7360fb444681
69057ab9-d906-4619-83d9-f851303b3a41,AzureContainerService,7319c514-987d-4e9b-ac3d-d38c4f427f4c,,04/12/2022,Activated,,,Enabled,Visible,No,7319c514-987d-4e9b-ac3d-d38c4f427f4c
69acf548-4f00-41f5-b268-acd68476bb20,Azure Cosmos DB,a232010e-820c-4083-83bb-3ace5fc29d0b,,04/12/2022,Activated,,,Enabled,Visible,No,"a232010e-820c-4083-83bb-3ace5fc29d0b, https://cosmos.azure.com, https://cosmos.windows-int.net, https://cosmos.windows-ppe.net"
6a671b16-5211-4f22-88e3-4e5fb0521ed0,Azure SAP Workloads Management,ea21b132-560f-4b0b-9876-903b6bca7b9d,,04/15/2022,Activated,,,Enabled,Visible,No,"ea21b132-560f-4b0b-9876-903b6bca7b9d, https://pod01-userrp.ecy.waaservice.azure.com"
6a72fdd5-f84e-44ac-a070-2ddc38910a06,Azure Arc Appliance Resource Provider,585fc3c3-9a59-4720-8319-53cce041a605,,04/12/2022,Activated,,,Enabled,Visible,No,"585fc3c3-9a59-4720-8319-53cce041a605, https://dp.appliances.azure.com"
6ab9ac97-0a3c-4607-998c-82a4b593cf3a,Azure Search Management,408992c7-2af6-4ff1-92e3-65b73d2b5092,,04/07/2022,Activated,,,Enabled,Visible,No,408992c7-2af6-4ff1-92e3-65b73d2b5092
6b335947-4a25-447f-945e-b19df043c3e2,Azure AI Supercomputer,349e15d0-1c96-4829-95e5-7fc8fb358ff3,,04/15/2022,Activated,,,Enabled,Visible,No,349e15d0-1c96-4829-95e5-7fc8fb358ff3
6bb7379e-202b-4920-bcf8-c8d97794ea00,AzureDataCatalog,213f5f78-fb30-46c7-9e98-91c720a1c026,,04/15/2022,Activated,,,Enabled,Visible,No,213f5f78-fb30-46c7-9e98-91c720a1c026
6c1df9f9-eada-445b-a023-67e80d9d738a,Azure Machine Learning OpenAI,61c50b89-703d-431d-8d80-1e8618748775,,03/28/2022,Activated,,,Enabled,Visible,No,61c50b89-703d-431d-8d80-1e8618748775
6c6b133d-85f7-476d-9ad8-ae368e2621e6,Zapier,f661c70c-c136-49d2-9b94-a2033c5874f8,https://account.activedirectory.windowsazure.com:444/applications/default.aspx?metadata=zapier|ISV9.1|primary|z,05/04/2022,Activated,,,Enabled,Visible,No,f661c70c-c136-49d2-9b94-a2033c5874f8
6c7e050b-6f2d-4b75-a1fd-a3ba8525e26d,Microsoft password reset service,93625bc8-bfe2-437a-97e0-3d0060024faa,,03/12/2023,Activated,,,Enabled,Visible,No,"https://passwordreset.microsoftonline.com, https://passwordreset.microsoftonline.com/, 93625bc8-bfe2-437a-97e0-3d0060024faa"
6d081357-547c-4601-a31b-562dda4f61b7,Intune DeviceCheckIn ConfidentialClient,4c1a3aed-b389-4824-99b0-514c07906851,,04/13/2022,Deactivated,,,Disabled,Visible,No,4c1a3aed-b389-4824-99b0-514c07906851
6d1183c7-0bcd-4a71-bb8e-128ad304c78b,Asset Bank,6e10398e-57ba-4077-9027-e54a38dbc6dd,https://*.assetbank-server.com/*?metadata=assetbank|ISV9.2|primary|z,05/04/2022,Activated,,,Enabled,Visible,No,6e10398e-57ba-4077-9027-e54a38dbc6dd
6f95d0fc-af16-44c2-a576-d457b7b9dcde,CCM TAGS,997dc448-eeab-4c93-8811-6b2c80196a16,,04/13/2022,Activated,,,Enabled,Visible,No,997dc448-eeab-4c93-8811-6b2c80196a16
6fa6fa7a-27a3-46bc-9dd8-9a2253162018,Exchange Office Graph Client for AAD - Interactive,6da466b6-1d13-4a2c-97bd-51a99e8d4d74,,04/13/2022,Activated,,,Enabled,Visible,No,6da466b6-1d13-4a2c-97bd-51a99e8d4d74
71465c86-8fa8-4214-a335-8da9e9641896,Salesforce Sandbox,1212c1c8-6a34-4cfb-8ecb-1ffa5cbb9a39,https://test.salesforce.com/*?metadata=sfsandbox|ISV9.1|primary|z,05/04/2022,Activated,,,Enabled,Visible,No,1212c1c8-6a34-4cfb-8ecb-1ffa5cbb9a39
72239b42-911e-4d16-8414-6ba5d31ea9c7,Azure Device Update,6ee392c4-d339-4083-b04d-6b7947c6cf78,,04/15/2022,Activated,,,Enabled,Visible,No,"6ee392c4-d339-4083-b04d-6b7947c6cf78, https://api.adu.microsoft.com/, https://api.adu.microsoft.com"
72596cd0-1729-48e0-9c7a-cad4d64e9719,DevAI RP,3efe2b8f-32eb-4c7a-ae9a-b43f17de36eb,,04/15/2022,Deactivated,,,Enabled,Visible,No,"3efe2b8f-32eb-4c7a-ae9a-b43f17de36eb, https://rp.devai.microsoft.com, https://rpdev.devai.microsoft.com, https://rpppe.devai.microsoft.com"
73032a8d-3ba1-4de7-81fb-6eb297581410,Microsoft Office 365 Portal,00000006-0000-0ff1-ce00-000000000000,,04/13/2022,Activated,,,Enabled,Visible,No,"00000006-0000-0ff1-ce00-000000000000/portal.microsoftonline.com, 00000006-0000-0ff1-ce00-000000000000, https://sukportal.office.com, https://ejpportal.office.com, https://easportal.office.com, https://wusportal.office.com, https://seaportal.office.com, https://scuportal.office.com, https://eusportal.office.com, https://weuportal.office.com, https://ncuportal.office.com, https://ncuportalprv.office.com, https://scuportalprv.office.com, https://portal.office.com/, https://portal-sdf.office.com/, https://portal.office.com, https://auth.microsoftonline.com, https://wusportalprv.office.com, https://admin.microsoft.com, https://portal.microsoft.com, https://admin.microsoft365.com, https://admin-sdf.microsoft.com, https://admin-ignite.microsoft.com, https://wukportal.office.com/"
74384c76-83e5-45f6-898b-00842b307f01,GatewayRP,486c78bf-a0f7-45f1-92fd-37215929e116,,04/06/2022,Activated,,,Enabled,Visible,No,486c78bf-a0f7-45f1-92fd-37215929e116
7657bb80-3a4e-4bf2-902c-f941552e1732,Azure Support - Network Watcher,341b7f3d-69b3-47f9-9ce7-5b7f4945fdbd,,04/06/2022,Activated,,,Enabled,Visible,No,341b7f3d-69b3-47f9-9ce7-5b7f4945fdbd
77cb82cb-f130-485a-bff6-06f42003b40d,IAM Supportability,a57aca87-cbc0-4f3c-8b9e-dc095fdc8978,,03/04/2022,Activated,,,Enabled,Visible,No,"a57aca87-cbc0-4f3c-8b9e-dc095fdc8978, https://support.iam.ad.azure.com, https://dxp.aad.azure.com"
7805739c-b099-4843-8e03-08ddd3e61d37,Marketplace Caps API,184909ca-69f1-4368-a6a7-c558ee6eb0bd,,03/28/2022,Activated,,,Enabled,Visible,No,"184909ca-69f1-4368-a6a7-c558ee6eb0bd, https://marketplacecaps.azure.com"
7a9cfaca-fc1f-4ee9-bd7b-34e1ca203f90,KCS-UserRP,64b12d6e-6549-484c-8cc6-6281839ba394,,04/12/2022,Activated,,,Enabled,Visible,No,64b12d6e-6549-484c-8cc6-6281839ba394
7b13d558-29d8-4f92-b49b-e331eafe3d36,Microsoft Azure Batch,ddbf3205-c6bd-46ae-8127-60eb93363864,,04/07/2022,Activated,,,Enabled,Visible,No,"ddbf3205-c6bd-46ae-8127-60eb93363864, https://batch.core.windows.net/"
7b626d31-912e-4d71-b5df-2ce145daa83f,Log Analytics API,ca7f3f0b-7d91-482c-8e09-c5d840d0eac5,,03/28/2022,Activated,,,Enabled,Visible,No,"ca7f3f0b-7d91-482c-8e09-c5d840d0eac5, https://api.loganalytics.io, https://southeastasia.api.loganalytics.io, https://australiasoutheast.api.loganalytics.io, https://westeurope.api.loganalytics.io, https://westcentralus.api.loganalytics.io, https://eastus.api.loganalytics.io, https://api.loganalytics.io/, https://eastus.api.loganalytics.io/, https://westcentralus.api.loganalytics.io/, https://westeurope.api.loganalytics.io/, https://australiasoutheast.api.loganalytics.io/, https://southeastasia.api.loganalytics.io/, https://westus2.api.loganalytics.io/, https://westus2.api.loganalytics.io"
7b84892d-e596-4dd9-8392-ec8ee229e274,Cortana at Work Service,2a486b53-dbd2-49c0-a2bc-278bdfc30833,,04/13/2022,Activated,,,Enabled,Visible,No,"2a486b53-dbd2-49c0-a2bc-278bdfc30833, https://cortana.ai/api"
7bb72900-c8ca-4cea-b4c8-a3c24cc0d0d8,Office 365 Client Admin,3cf6df92-2745-4f6f-bbcf-19b59bcdb62a,,04/13/2022,Deactivated,,,Disabled,Visible,No,"3cf6df92-2745-4f6f-bbcf-19b59bcdb62a, https://www.config.office.com/, https://config.office.com/"
7c9eebe2-ef3c-4e77-8198-1dcacf9ef6d7,MicrosoftDefenderATP MAM,c2b688fe-48c0-464b-a89c-67041aa8fcb2,,07/16/2022,Activated,,,Enabled,Visible,No,"c2b688fe-48c0-464b-a89c-67041aa8fcb2, https://mam-us.func.cp.wd.microsoft.com"
7d1a755a-2dce-43a9-8a2d-e98188c89541,eTrade,f98181d0-e16e-497c-9ac7-8c8e119ab8b5,https://account.activedirectory.windowsazure.com:444/applications/default.aspx?metadata=etrade|ISV9.3|primary|z,05/04/2022,Activated,,,Enabled,Visible,No,f98181d0-e16e-497c-9ac7-8c8e119ab8b5
7d8a524b-176a-4aa1-9a47-36638d4855ee,1ES Resource Management PPE,9fc8264d-0a40-4790-86e1-e7b73a2d2298,,04/15/2022,Activated,,,Enabled,Visible,No,9fc8264d-0a40-4790-86e1-e7b73a2d2298
7d9a6e83-22